,Difference between Interactome-Neighborhood Gene List Size for PathFX Version 1,Difference between Interactome-Neighborhood Gene List Size for PathFX Version 1,Difference between Interactome-Neighborhood Gene List Size for PathFX Version 1,Difference between Interactome-Neighborhood Gene List Size for PathFX Version 1,Difference between Interactome-Neighborhood Gene List Size for PathFX Version 1,Difference between Interactome-Neighborhood Gene List Size for PathFX Version 1,Difference between Interactome-Neighborhood Gene List Size for PathFX Version 2,Difference between Interactome-Neighborhood Gene List Size for PathFX Version 2,Difference between Interactome-Neighborhood Gene List Size for PathFX Version 2,Difference between Interactome-Neighborhood Gene List Size for PathFX Version 2,Difference between Interactome-Neighborhood Gene List Size for PathFX Version 2,Difference between Interactome-Neighborhood Gene List Size for PathFX Version 2,Neighborhood Gene List Percentage for PathFX Version 1,Neighborhood Gene List Percentage for PathFX Version 1,Neighborhood Gene List Percentage for PathFX Version 1,Neighborhood Gene List Percentage for PathFX Version 1,Neighborhood Gene List Percentage for PathFX Version 1,Neighborhood Gene List Percentage for PathFX Version 1,Neighborhood Gene List Percentage for PathFX Version 2,Neighborhood Gene List Percentage for PathFX Version 2,Neighborhood Gene List Percentage for PathFX Version 2,Neighborhood Gene List Percentage for PathFX Version 2,Neighborhood Gene List Percentage for PathFX Version 2,Neighborhood Gene List Percentage for PathFX Version 2
,count,mean,std,min,max,sum,count,mean,std,min,max,sum,count,mean,std,min,max,sum,count,mean,std,min,max,sum
Drug,,,,,,,,,,,,,,,,,,,,,,,,
abatacept,1,597.0,,597,597,597,1,547.0,,547,547,547,1,0.0083056478405315,,0.0083056478405315,0.0083056478405315,0.0083056478405315,1,0.0054545454545454,,0.0054545454545454,0.0054545454545454,0.0054545454545454
acamprosate,2,553.0,629.3250352560273,108,998,1106,2,924.5,1182.989644925094,88,1761,1849,2,0.04478697844404585,0.034193617485553024,0.0206084396467124,0.0689655172413793,0.0895739568880917,2,0.0366955460354689,0.03837361190772558,0.0095613048368953,0.0638297872340425,0.0733910920709378
adenosine,1,983.0,,983,983,983,1,1743.0,,1743,1743,1743,1,0.0353287536800785,,0.0353287536800785,0.0353287536800785,0.0353287536800785,1,0.0196850393700787,,0.0196850393700787,0.0196850393700787,0.0196850393700787
aldesleukin,2,365.0,131.52186130069785,272,458,730,2,386.0,147.07821048680188,282,490,772,2,0.0228256953865728,0.0067530873658353825,0.0180505415162454,0.0276008492569002,0.0456513907731456,2,0.01502513550706315,0.0014695397480216086,0.0139860139860139,0.0160642570281124,0.0300502710141263
alteplase,5,412.4,391.8045431079124,68,1006,2062,5,546.0,712.7180368139984,33,1771,2730,5,0.04042506362382204,0.03316665321871339,0.0127576054955839,0.081081081081081,0.2021253181191102,5,0.033118303804202304,0.03460391584722466,0.0039370078740157,0.0833333333333333,0.16559151902101152
amantadine,1,441.0,,441,441,441,1,470.0,,470,470,470,1,0.0636942675159235,,0.0636942675159235,0.0636942675159235,0.0636942675159235,1,0.0562248995983935,,0.0562248995983935,0.0562248995983935,0.0562248995983935
aminophylline,1,577.0,,577,577,577,1,529.0,,529,529,529,1,0.0415282392026578,,0.0415282392026578,0.0415282392026578,0.0415282392026578,1,0.0381818181818181,,0.0381818181818181,0.0381818181818181,0.0381818181818181
amitriptyline,4,424.25,368.0284182867767,45,923,1697,4,573.25,776.1668098203289,43,1702,2293,4,0.14467526741044748,0.1018096135575905,0.0835820895522388,0.296875,0.5787010696417899,4,0.08670895102884268,0.04208855124972534,0.0427446569178852,0.14,0.34683580411537074
amoxapine,3,482.0,459.4638179443513,49,964,1446,3,743.6666666666666,872.7853879009051,42,1721,2231,3,0.12300963010305954,0.09736514985879793,0.0539744847890088,0.234375,0.3690288903091786,3,0.08409981884794517,0.06722492874266107,0.0320584926884139,0.16,0.2522994565438355
anakinra,1,469.0,,469,469,469,1,497.0,,497,497,497,1,0.0042462845010615,,0.0042462845010615,0.0042462845010615,0.0042462845010615,1,0.002008032128514,,0.002008032128514,0.002008032128514,0.002008032128514
apomorphine,2,699.5,376.8879143724298,433,966,1399,2,1096.0,888.1261171703037,468,1724,2192,2,0.0663455908856982,0.020271075056611687,0.0520117762512266,0.0806794055201698,0.1326911817713964,2,0.045306083727485805,0.021121110029343235,0.03037120359955,0.0602409638554216,0.09061216745497161
aprotinin,4,312.25,261.475779630415,72,599,1249,4,296.5,262.8973183583279,35,548,1186,4,0.01405924633502025,0.010393778123267874,0.0049833887043189,0.027027027027027,0.056236985340081,4,0.0134447073810951,0.01175568262497728,0.0036363636363636,0.0277777777777777,0.0537788295243804
aripiprazole,6,326.1666666666667,336.7256548982668,29,943,1957,6,452.5,631.0748766984786,37,1699,2715,6,0.13525759285337444,0.07205771635437905,0.0745829244357213,0.265625,0.8115455571202466,6,0.10654751413929857,0.06060488226389378,0.0444319460067491,0.2,0.6392850848357914
asenapine,2,238.5,269.4076836320746,48,429,477,2,252.5,300.5203820042827,40,465,505,2,0.16958598726114646,0.11372258742012953,0.0891719745222929,0.25,0.3391719745222929,2,0.1331325301204819,0.09456488278518892,0.0662650602409638,0.2,0.2662650602409638
atropine,4,472.0,379.4285176419927,103,965,1888,4,649.25,739.3688186554799,82,1726,2597,4,0.07405034476326468,0.026254583769506703,0.0529931305201177,0.1120689655172413,0.2962013790530587,4,0.06562508106736617,0.0437255630962947,0.0292463442069741,0.1276595744680851,0.2625003242694647
balsalazide,1,466.0,,466,466,466,1,494.0,,494,494,494,1,0.0106157112526539,,0.0106157112526539,0.0106157112526539,0.0106157112526539,1,0.0080321285140562,,0.0080321285140562,0.0080321285140562,0.0080321285140562
basiliximab,1,459.0,,459,459,459,1,488.0,,488,488,488,1,0.0254777070063694,,0.0254777070063694,0.0254777070063694,0.0254777070063694,1,0.0200803212851405,,0.0200803212851405,0.0200803212851405,0.0200803212851405
biotin,1,250.0,,250,250,250,1,339.0,,339,339,339,1,0.0118577075098814,,0.0118577075098814,0.0118577075098814,0.0118577075098814,1,0.0029411764705882,,0.0029411764705882,0.0029411764705882,0.0029411764705882
bivalirudin,2,331.0,369.10973977937783,70,592,662,2,291.0,362.03867196751236,35,547,582,2,0.03533267486755855,0.026476028351871246,0.0166112956810631,0.054054054054054,0.0706653497351171,2,0.01661616161616155,0.015784908953760286,0.0054545454545454,0.0277777777777777,0.0332323232323231
bosutinib,1,236.0,,236,236,236,1,330.0,,330,330,330,1,0.067193675889328,,0.067193675889328,0.067193675889328,0.067193675889328,1,0.0294117647058823,,0.0294117647058823,0.0294117647058823,0.0294117647058823
bromocriptine,2,634.0,449.7199128346442,316,952,1268,2,902.0,1156.8266940211918,84,1720,1804,2,0.061233576963074646,0.006388227595621433,0.0567164179104477,0.0657507360157016,0.12246715392614929,2,0.059788722061916155,0.03842107076335179,0.0326209223847019,0.0869565217391304,0.11957744412383231
buprenorphine,1,441.0,,441,441,441,1,470.0,,470,470,470,1,0.0636942675159235,,0.0636942675159235,0.0636942675159235,0.0636942675159235,1,0.0562248995983935,,0.0562248995983935,0.0562248995983935,0.0562248995983935
buspirone,2,42.0,16.97056274847714,30,54,84,2,41.0,5.656854249492381,37,45,82,2,0.1495535714285714,0.00947018010517702,0.1428571428571428,0.15625,0.2991071428571428,2,0.12954545454545455,0.04178358252465962,0.1,0.1590909090909091,0.2590909090909091
cabergoline,2,206.5,150.61374439273462,100,313,413,2,82.0,2.8284271247461903,80,84,164,2,0.10180133813690165,0.051095106576732545,0.0656716417910447,0.1379310344827586,0.2036026762738033,2,0.11794634597594815,0.043826229731266104,0.0869565217391304,0.1489361702127659,0.2358926919518963
cabozantinib,2,510.0,323.85490578343877,281,739,1020,2,286.5,20.506096654409877,272,301,573,2,0.0381794131794131,0.0221927452969804,0.0224867724867724,0.0538720538720538,0.0763588263588262,2,0.02909413281753705,0.009004099889383832,0.0227272727272727,0.0354609929078014,0.0581882656350741
caffeine,6,251.33333333333334,176.35040875106205,67,556,1508,6,222.5,179.29500829638286,70,515,1335,6,0.10979234800241124,0.04744776745269219,0.0764119601328903,0.1982758620689655,0.6587540880144674,6,0.09001030032346348,0.0467249073843815,0.0559440559440559,0.1808510638297872,0.5400618019407809
captopril,4,404.25,398.29250139397135,109,987,1617,4,518.5,800.6707604669142,79,1717,2074,4,0.045050159665119376,0.013696956856827397,0.0314033366045142,0.0603448275862069,0.1802006386604775,4,0.07596904756650125,0.05719582876355298,0.0343082114735658,0.1595744680851064,0.303876190266005
carvedilol,1,300.0,,300,300,300,1,84.0,,84,84,84,1,0.1044776119402985,,0.1044776119402985,0.1044776119402985,0.1044776119402985,1,0.0869565217391304,,0.0869565217391304,0.0869565217391304,0.0869565217391304
cevimeline,1,107.0,,107,107,107,1,88.0,,88,88,88,1,0.0775862068965517,,0.0775862068965517,0.0775862068965517,0.0775862068965517,1,0.0638297872340425,,0.0638297872340425,0.0638297872340425,0.0638297872340425
chlorpromazine,2,235.0,267.28636328851496,46,424,470,2,253.0,299.8132752230961,41,465,506,2,0.19051884288747345,0.12831323291833915,0.0997876857749469,0.28125,0.3810376857749469,2,0.12313253012048189,0.08042274716145797,0.0662650602409638,0.18,0.24626506024096378
citalopram,1,106.0,,106,106,106,1,87.0,,87,87,87,1,0.0862068965517241,,0.0862068965517241,0.0862068965517241,0.0862068965517241,1,0.0744680851063829,,0.0744680851063829,0.0744680851063829,0.0744680851063829
clomipramine,1,105.0,,105,105,105,1,87.0,,87,87,87,1,0.0948275862068965,,0.0948275862068965,0.0948275862068965,0.0948275862068965,1,0.0744680851063829,,0.0744680851063829,0.0744680851063829,0.0744680851063829
clopidogrel,2,274.5,235.46655813512032,108,441,549,2,278.0,271.5290039756342,86,470,556,2,0.06632989237865139,0.003727336426197527,0.0636942675159235,0.0689655172413793,0.13265978475730278,2,0.07066564128855846,0.02042229274895784,0.0562248995983935,0.0851063829787234,0.1413312825771169
clozapine,6,384.0,331.90661337189414,47,938,2304,6,510.3333333333333,615.50586241454,40,1704,3062,6,0.13412965744851243,0.0725173446261943,0.0794896957801766,0.265625,0.8047779446910747,6,0.10348247108682045,0.06494419793025988,0.0416197975253093,0.2,0.6208948265209226
cocaine,1,556.0,,556,556,556,1,513.0,,513,513,513,1,0.0764119601328903,,0.0764119601328903,0.0764119601328903,0.0764119601328903,1,0.0672727272727272,,0.0672727272727272,0.0672727272727272,0.0672727272727272
codeine,1,441.0,,441,441,441,1,470.0,,470,470,470,1,0.0636942675159235,,0.0636942675159235,0.0636942675159235,0.0636942675159235,1,0.0562248995983935,,0.0562248995983935,0.0562248995983935,0.0562248995983935
conivaptan,1,576.0,,576,576,576,1,529.0,,529,529,529,1,0.0431893687707641,,0.0431893687707641,0.0431893687707641,0.0431893687707641,1,0.0381818181818181,,0.0381818181818181,0.0381818181818181,0.0381818181818181
cyclobenzaprine,1,994.0,,994,994,994,1,1732.0,,1732,1732,1732,1,0.0245338567222767,,0.0245338567222767,0.0245338567222767,0.0245338567222767,1,0.0258717660292463,,0.0258717660292463,0.0258717660292463,0.0258717660292463
cysteamine,1,69.0,,69,69,69,1,33.0,,33,33,33,1,0.0675675675675675,,0.0675675675675675,0.0675675675675675,0.0675675675675675,1,0.0833333333333333,,0.0833333333333333,0.0833333333333333,0.0833333333333333
daclizumab,1,459.0,,459,459,459,1,488.0,,488,488,488,1,0.0254777070063694,,0.0254777070063694,0.0254777070063694,0.0254777070063694,1,0.0200803212851405,,0.0200803212851405,0.0200803212851405,0.0200803212851405
dalteparin,1,71.0,,71,71,71,1,34.0,,34,34,34,1,0.0405405405405405,,0.0405405405405405,0.0405405405405405,0.0405405405405405,1,0.0555555555555555,,0.0555555555555555,0.0555555555555555,0.0555555555555555
danazol,1,994.0,,994,994,994,1,1757.0,,1757,1757,1757,1,0.0245338567222767,,0.0245338567222767,0.0245338567222767,0.0245338567222767,1,0.0118110236220472,,0.0118110236220472,0.0118110236220472,0.0118110236220472
dasatinib,2,152.5,115.25840533340725,71,234,305,2,193.0,173.9482681718907,70,316,386,2,0.07651044607566346,0.001996348902277102,0.075098814229249,0.0779220779220779,0.15302089215132691,2,0.08074866310160425,0.014369014804860346,0.0705882352941176,0.0909090909090909,0.1614973262032085
desipramine,1,951.0,,951,951,951,1,1711.0,,1711,1711,1711,1,0.0667320902845927,,0.0667320902845927,0.0667320902845927,0.0667320902845927,1,0.0376827896512935,,0.0376827896512935,0.0376827896512935,0.0376827896512935
desmopressin,1,320.0,,320,320,320,1,85.0,,85,85,85,1,0.044776119402985,,0.044776119402985,0.044776119402985,0.044776119402985,1,0.0760869565217391,,0.0760869565217391,0.0760869565217391,0.0760869565217391
dexamethasone,3,655.3333333333334,276.543546902352,433,965,1966,3,901.3333333333334,711.3939368123216,460,1722,2704,3,0.06338364711863403,0.015079596450610105,0.0529931305201177,0.0806794055201698,0.1901509413559021,3,0.05290345826158363,0.02247105434969183,0.0314960629921259,0.0763052208835341,0.1587103747847509
dextroamphetamine,1,978.0,,978,978,978,1,1750.0,,1750,1750,1750,1,0.0402355250245338,,0.0402355250245338,0.0402355250245338,0.0402355250245338,1,0.0157480314960629,,0.0157480314960629,0.0157480314960629,0.0157480314960629
dextromethorphan,2,273.5,235.46655813512032,107,440,547,2,278.0,271.5290039756342,86,470,556,2,0.071701808331503,0.008321796257100653,0.0658174097664543,0.0775862068965517,0.143403616663006,2,0.07066564128855846,0.02042229274895784,0.0562248995983935,0.0851063829787234,0.1413312825771169
diflunisal,2,597.0,561.4427842621187,200,994,1194,2,981.0,1108.7434329005066,197,1765,1962,2,0.03379802883960725,0.013101517852487535,0.0245338567222767,0.0430622009569378,0.0675960576792145,2,0.01360604178209065,0.008901704661613984,0.0073115860517435,0.0199004975124378,0.0272120835641813
dihydroergotamine,1,973.0,,973,973,973,1,1733.0,,1733,1733,1733,1,0.0451422963689892,,0.0451422963689892,0.0451422963689892,0.0451422963689892,1,0.0253093363329583,,0.0253093363329583,0.0253093363329583,0.0253093363329583
diphenhydramine,2,529.5,608.8189386016174,99,960,1059,2,901.0,1162.4835482706842,79,1723,1802,2,0.10222581300125205,0.06268630469403598,0.0578999018645731,0.146551724137931,0.2044516260025041,2,0.0952540506904722,0.09096280661699002,0.030933633295838,0.1595744680851064,0.1905081013809444
diphenoxylate,1,579.0,,579,579,579,1,530.0,,530,530,530,1,0.0382059800664451,,0.0382059800664451,0.0382059800664451,0.0382059800664451,1,0.0363636363636363,,0.0363636363636363,0.0363636363636363,0.0363636363636363
disopyramide,1,954.0,,954,954,954,1,1723.0,,1723,1723,1723,1,0.0637880274779195,,0.0637880274779195,0.0637880274779195,0.0637880274779195,1,0.030933633295838,,0.030933633295838,0.030933633295838,0.030933633295838
donepezil,1,106.0,,106,106,106,1,86.0,,86,86,86,1,0.0862068965517241,,0.0862068965517241,0.0862068965517241,0.0862068965517241,1,0.0851063829787234,,0.0851063829787234,0.0851063829787234,0.0851063829787234
doxepin,1,427.0,,427,427,427,1,465.0,,465,465,465,1,0.0934182590233545,,0.0934182590233545,0.0934182590233545,0.0934182590233545,1,0.0662650602409638,,0.0662650602409638,0.0662650602409638,0.0662650602409638
doxylamine,1,108.0,,108,108,108,1,88.0,,88,88,88,1,0.0689655172413793,,0.0689655172413793,0.0689655172413793,0.0689655172413793,1,0.0638297872340425,,0.0638297872340425,0.0638297872340425,0.0638297872340425
dronabinol,1,31.0,,31,31,31,1,40.0,,40,40,40,1,0.1142857142857142,,0.1142857142857142,0.1142857142857142,0.1142857142857142,1,0.0909090909090909,,0.0909090909090909,0.0909090909090909,0.0909090909090909
droxidopa,1,259.0,,259,259,259,1,275.0,,275,275,275,1,0.0649819494584837,,0.0649819494584837,0.0649819494584837,0.0649819494584837,1,0.0384615384615384,,0.0384615384615384,0.0384615384615384,0.0384615384615384
eculizumab,2,509.5,98.2878425849301,440,579,1019,2,508.5,41.71930009000631,479,538,1017,2,0.0520116949164497,0.01952422917913214,0.0382059800664451,0.0658174097664543,0.1040233898328994,2,0.0299853961299744,0.01155018524654474,0.0218181818181818,0.038152610441767,0.0599707922599488
eletriptan,1,962.0,,962,962,962,1,1721.0,,1721,1721,1721,1,0.0559371933267909,,0.0559371933267909,0.0559371933267909,0.0559371933267909,1,0.0320584926884139,,0.0320584926884139,0.0320584926884139,0.0320584926884139
enoxaparin,2,181.5,154.8563850798539,72,291,363,2,132.0,137.17871555019022,35,229,264,2,0.01692648279678995,0.01428432663775055,0.0068259385665529,0.027027027027027,0.0338529655935799,2,0.01821789321789315,0.013519718399309877,0.0086580086580086,0.0277777777777777,0.0364357864357863
epinephrine,3,613.6666666666666,326.1231873592145,314,961,1841,3,781.0,852.5966220904232,85,1732,2343,3,0.059801926403896095,0.002884009991320012,0.056918547595682,0.0626865671641791,0.1794057792116883,3,0.048531695395783,0.02546300343293029,0.0258717660292463,0.0760869565217391,0.145595086187349
epoprostenol,1,576.0,,576,576,576,1,526.0,,526,526,526,1,0.0431893687707641,,0.0431893687707641,0.0431893687707641,0.0431893687707641,1,0.0436363636363636,,0.0436363636363636,0.0436363636363636,0.0436363636363636
eptifibatide,2,159.5,126.572113832392,70,249,319,2,185.5,214.2533546995239,34,337,371,2,0.034932165366947904,0.027042434319494105,0.0158102766798418,0.054054054054054,0.06986433073389581,2,0.0321895424836601,0.033044532584861494,0.0088235294117647,0.0555555555555555,0.0643790849673202
erlotinib,1,236.0,,236,236,236,1,325.0,,325,325,325,1,0.067193675889328,,0.067193675889328,0.067193675889328,0.067193675889328,1,0.0441176470588235,,0.0441176470588235,0.0441176470588235,0.0441176470588235
escitalopram,2,526.0,660.4377336282354,59,993,1052,2,887.0,1192.1820330805192,44,1730,1774,2,0.0518201054955839,0.037200738564938746,0.0255152109911678,0.078125,0.1036402109911678,2,0.07349831271091109,0.06576331683746209,0.0269966254218222,0.12,0.14699662542182218
estradiol,2,626.5,504.16713498600836,270,983,1253,2,969.0,1070.559666716433,212,1726,1938,2,0.056913523597718396,0.030525474358229138,0.0353287536800785,0.0784982935153583,0.11382704719543679,2,0.05574871322902815,0.037480009706005415,0.0292463442069741,0.0822510822510822,0.1114974264580563
febuxostat,2,264.0,16.97056274847714,252,276,528,2,312.0,38.18376618407357,285,339,624,2,0.0037813387366047004,0.0002421564011426534,0.003610108303249,0.0039525691699604,0.007562677473209401,2,0.0032188399835457997,0.0003926755058007951,0.0029411764705882,0.0034965034965034,0.0064376799670915995
fenoldopam,1,977.0,,977,977,977,1,1749.0,,1749,1749,1749,1,0.0412168792934249,,0.0412168792934249,0.0412168792934249,0.0412168792934249,1,0.0163104611923509,,0.0163104611923509,0.0163104611923509,0.0163104611923509
fenoprofen,2,632.0,513.3595231414336,269,995,1264,2,1022.0,1049.3464632808366,280,1764,2044,2,0.02621668443968915,0.003767722297660573,0.0235525024533856,0.0288808664259927,0.0524333688793783,2,0.01442651836352615,0.009266638066317853,0.0078740157480314,0.0209790209790209,0.0288530367270523
fentanyl,3,669.3333333333334,284.46851026666087,441,988,2008,3,910.3333333333334,716.5014538249964,468,1737,2731,3,0.0441074099726639,0.017403488055080213,0.0304219823356231,0.0636942675159235,0.1323222299179917,3,0.04231231501319723,0.018626002171133835,0.0230596175478065,0.0602409638554216,0.1269369450395917
filgrastim,1,252.0,,252,252,252,1,339.0,,339,339,339,1,0.0039525691699604,,0.0039525691699604,0.0039525691699604,0.0039525691699604,1,0.0029411764705882,,0.0029411764705882,0.0029411764705882,0.0029411764705882
fluoxetine,2,165.0,154.14927829866735,56,274,330,2,131.0,121.62236636408618,45,217,262,2,0.09492320819112625,0.04253500688878127,0.0648464163822525,0.125,0.1898464163822525,2,0.0803030303030303,0.027855721683106422,0.0606060606060606,0.1,0.1606060606060606
fluphenazine,2,245.0,270.1147904132612,54,436,490,2,256.0,298.3990616607231,45,467,512,2,0.1152799893842887,0.0579403446633086,0.0743099787685774,0.15625,0.2305599787685774,2,0.08112449799196786,0.026693990936359654,0.0622489959839357,0.1,0.16224899598393572
fluvoxamine,1,58.0,,58,58,58,1,46.0,,46,46,46,1,0.09375,,0.09375,0.09375,0.09375,1,0.08,,0.08,0.08,0.08
frovatriptan,1,990.0,,990,990,990,1,1749.0,,1749,1749,1749,1,0.028459273797841,,0.028459273797841,0.028459273797841,0.028459273797841,1,0.0163104611923509,,0.0163104611923509,0.0163104611923509,0.0163104611923509
gabapentin,4,573.75,304.1034637531554,282,992,2295,4,744.0,684.2937965523288,224,1751,2976,4,0.040954083176984374,0.014756604319813649,0.0264965652600588,0.0615711252653927,0.1638163327079375,4,0.03401728398408027,0.01614472542129157,0.015185601799775,0.0542168674698795,0.13606913593632108
glycine,2,428.0,207.88939366884497,281,575,856,2,376.5,217.08178182427008,223,530,753,2,0.0429030648690939,0.0027540868247772224,0.0409556313993174,0.0448504983388704,0.0858061297381878,2,0.035497835497835445,0.001224427326729934,0.0346320346320346,0.0363636363636363,0.07099567099567089
goserelin,3,632.0,336.41194984720744,324,991,1896,3,792.0,862.2592417596926,86,1753,2376,3,0.0317324871182349,0.0038241969963493374,0.0274779195289499,0.0348837209302325,0.0951974613547047,3,0.0343048324493035,0.02719582415934549,0.0140607424071991,0.0652173913043478,0.1029144973479105
haloperidol,2,240.5,270.82189719444773,49,432,481,2,252.0,301.22748878546923,39,465,504,2,0.1585887738853503,0.10717790881241163,0.0828025477707006,0.234375,0.3171775477707006,2,0.1431325301204819,0.10870701840891989,0.0662650602409638,0.22,0.2862650602409638
heparin,3,458.0,492.0040650238573,72,1012,1374,3,658.6666666666666,927.4838722766739,31,1724,1976,3,0.014711804919697901,0.010797535962979384,0.0068694798822374,0.027027027027027,0.0441354147590937,3,0.07085004525949402,0.05927636364147265,0.03037120359955,0.1388888888888889,0.21255013577848209
histrelin,1,998.0,,998,998,998,1,1761.0,,1761,1761,1761,1,0.0206084396467124,,0.0206084396467124,0.0206084396467124,0.0206084396467124,1,0.0095613048368953,,0.0095613048368953,0.0095613048368953,0.0095613048368953
hydrocodone,1,441.0,,441,441,441,1,470.0,,470,470,470,1,0.0636942675159235,,0.0636942675159235,0.0636942675159235,0.0636942675159235,1,0.0562248995983935,,0.0562248995983935,0.0562248995983935,0.0562248995983935
hyoscyamine,1,103.0,,103,103,103,1,82.0,,82,82,82,1,0.1120689655172413,,0.1120689655172413,0.1120689655172413,0.1120689655172413,1,0.1276595744680851,,0.1276595744680851,0.1276595744680851,0.1276595744680851
ibuprofen,1,105.0,,105,105,105,1,87.0,,87,87,87,1,0.0948275862068965,,0.0948275862068965,0.0948275862068965,0.0948275862068965,1,0.0744680851063829,,0.0744680851063829,0.0744680851063829,0.0744680851063829
icodextrin,1,276.0,,276,276,276,1,285.0,,285,285,285,1,0.003610108303249,,0.003610108303249,0.003610108303249,0.003610108303249,1,0.0034965034965034,,0.0034965034965034,0.0034965034965034,0.0034965034965034
iloperidone,3,170.33333333333334,226.8090239239465,30,432,511,3,182.66666666666666,246.25258035873114,38,467,548,3,0.1533448968759478,0.07632854516476803,0.0828025477707006,0.234375,0.4600346906278434,3,0.11287087744919067,0.04387752212050847,0.0622489959839357,0.14,0.338612632347572
imatinib,1,237.0,,237,237,237,1,327.0,,327,327,327,1,0.0632411067193675,,0.0632411067193675,0.0632411067193675,0.0632411067193675,1,0.038235294117647,,0.038235294117647,0.038235294117647,0.038235294117647
imipramine,2,484.0,643.4671708797582,29,939,968,2,869.0,1175.211470332042,38,1700,1738,2,0.12496845646992845,0.06570452468392597,0.0785083415112855,0.1714285714285714,0.2499369129398569,2,0.0901165763370487,0.06540321950948282,0.0438695163104611,0.1363636363636363,0.1802331526740974
irbesartan,1,991.0,,991,991,991,1,1743.0,,1743,1743,1743,1,0.0274779195289499,,0.0274779195289499,0.0274779195289499,0.0274779195289499,1,0.0196850393700787,,0.0196850393700787,0.0196850393700787,0.0196850393700787
ketoprofen,3,597.0,353.52086218496356,260,965,1791,3,845.0,781.6079579942875,275,1736,2535,3,0.05805521204239317,0.004453723280801645,0.0529931305201177,0.0613718411552346,0.1741656361271795,3,0.036452104326120005,0.011952699929833057,0.0236220472440944,0.0472727272727272,0.10935631297836002
leuprolide,1,998.0,,998,998,998,1,1760.0,,1760,1760,1760,1,0.0206084396467124,,0.0206084396467124,0.0206084396467124,0.0206084396467124,1,0.0101237345331833,,0.0101237345331833,0.0101237345331833,0.0101237345331833
levodopa,3,561.6666666666666,373.42915436978586,265,981,1685,3,823.3333333333334,791.9635934393281,273,1731,2470,3,0.04951777129127827,0.016236960062829393,0.0372914622178606,0.0679405520169851,0.1485533138738348,3,0.04538192309750983,0.01891152077298999,0.0264341957255343,0.0642570281124498,0.1361457692925295
lidocaine,1,98.0,,98,98,98,1,86.0,,86,86,86,1,0.1551724137931034,,0.1551724137931034,0.1551724137931034,0.1551724137931034,1,0.0851063829787234,,0.0851063829787234,0.0851063829787234,0.0851063829787234
liraglutide,1,329.0,,329,329,329,1,88.0,,88,88,88,1,0.017910447761194,,0.017910447761194,0.017910447761194,0.017910447761194,1,0.0434782608695652,,0.0434782608695652,0.0434782608695652,0.0434782608695652
losartan,1,968.0,,968,968,968,1,1742.0,,1742,1742,1742,1,0.0500490677134445,,0.0500490677134445,0.0500490677134445,0.0500490677134445,1,0.0202474690663667,,0.0202474690663667,0.0202474690663667,0.0202474690663667
loxapine,3,262.6666666666667,194.44879360215464,48,427,788,3,197.66666666666666,234.19294040028905,42,467,593,3,0.1363633002714664,0.0993853275682772,0.0656716417910447,0.25,0.4090899008143992,3,0.10306850590768869,0.05082825712065149,0.0622489959839357,0.16,0.3092055177230661
lurasidone,2,699.5,376.8879143724298,433,966,1399,2,1096.5,888.8332239514903,468,1725,2193,2,0.0663455908856982,0.020271075056611687,0.0520117762512266,0.0806794055201698,0.1326911817713964,2,0.0450248688793418,0.02151880788152917,0.029808773903262,0.0602409638554216,0.0900497377586836
maprotiline,1,955.0,,955,955,955,1,1716.0,,1716,1716,1716,1,0.0628066732090284,,0.0628066732090284,0.0628066732090284,0.0628066732090284,1,0.0348706411698537,,0.0348706411698537,0.0348706411698537,0.0348706411698537
maraviroc,2,716.5,388.2016228714146,442,991,1433,2,1110.5,904.3895731375943,471,1750,2221,2,0.0445245223971713,0.024107536968626803,0.0274779195289499,0.0615711252653927,0.0890490447943426,2,0.034982449482971203,0.02720157478143872,0.0157480314960629,0.0542168674698795,0.06996489896594241
memantine,3,432.6666666666667,148.67526133601828,280,577,1298,3,407.3333333333333,163.28298543734843,222,530,1222,3,0.04986370246705837,0.012061521898680256,0.0415282392026578,0.0636942675159235,0.1495911074011751,3,0.04384985830768957,0.010795501853699018,0.0363636363636363,0.0562248995983935,0.1315495749230687
metoclopramide,2,699.0,376.1808075912433,433,965,1398,2,1096.5,888.8332239514903,468,1725,2193,2,0.06683626802014375,0.019577152798332425,0.0529931305201177,0.0806794055201698,0.1336725360402875,2,0.0450248688793418,0.02151880788152917,0.029808773903262,0.0602409638554216,0.0900497377586836
minocycline,1,272.0,,272,272,272,1,282.0,,282,282,282,1,0.0180505415162454,,0.0180505415162454,0.0180505415162454,0.0180505415162454,1,0.0139860139860139,,0.0139860139860139,0.0139860139860139,0.0139860139860139
mirtazapine,2,690.0,369.10973977937783,429,951,1380,2,1100.0,890.9545442950499,470,1730,2200,2,0.07795203240344281,0.015867394313518926,0.0667320902845927,0.0891719745222929,0.15590406480688562,2,0.041610762510107854,0.02066751087263322,0.0269966254218222,0.0562248995983935,0.08322152502021571
molindone,1,435.0,,435,435,435,1,470.0,,470,470,470,1,0.0764331210191082,,0.0764331210191082,0.0764331210191082,0.0764331210191082,1,0.0562248995983935,,0.0562248995983935,0.0562248995983935,0.0562248995983935
morphine,2,782.0,288.4995667241114,578,986,1564,2,1124.0,859.8418459228418,516,1732,2248,2,0.036125900253978355,0.005290869045683853,0.0323846908734053,0.0398671096345514,0.07225180050795671,2,0.04384497392371405,0.025417954363707473,0.0258717660292463,0.0618181818181818,0.0876899478474281
nafarelin,1,998.0,,998,998,998,1,1761.0,,1761,1761,1761,1,0.0206084396467124,,0.0206084396467124,0.0206084396467124,0.0206084396467124,1,0.0095613048368953,,0.0095613048368953,0.0095613048368953,0.0095613048368953
nalbuphine,1,991.0,,991,991,991,1,1749.0,,1749,1749,1749,1,0.0274779195289499,,0.0274779195289499,0.0274779195289499,0.0274779195289499,1,0.0163104611923509,,0.0163104611923509,0.0163104611923509,0.0163104611923509
naloxone,2,609.5,497.0960671741429,258,961,1219,2,1000.5,1030.2545801887998,272,1729,2001,2,0.0627553026787074,0.008254418198664626,0.056918547595682,0.0685920577617328,0.1255106053574148,2,0.03825505203457955,0.01512642390237176,0.0275590551181102,0.0489510489510489,0.0765101040691591
naltrexone,2,715.0,387.49451609022805,441,989,1430,2,1109.5,904.3895731375943,470,1749,2219,2,0.04656744779132775,0.024220980734842343,0.029440628066732,0.0636942675159235,0.0931348955826555,2,0.036267680395372204,0.028223770064165495,0.0163104611923509,0.0562248995983935,0.07253536079074441
naratriptan,1,991.0,,991,991,991,1,1750.0,,1750,1750,1750,1,0.0274779195289499,,0.0274779195289499,0.0274779195289499,0.0274779195289499,1,0.0157480314960629,,0.0157480314960629,0.0157480314960629,0.0157480314960629
nefazodone,2,231.0,285.6711395993652,29,433,462,2,254.5,304.763022691402,39,470,509,2,0.1260539884743706,0.06416935060085383,0.0806794055201698,0.1714285714285714,0.2521079769487412,2,0.08493063161737856,0.04059603553909627,0.0562248995983935,0.1136363636363636,0.16986126323475711
niacin,1,579.0,,579,579,579,1,530.0,,530,530,530,1,0.0382059800664451,,0.0382059800664451,0.0382059800664451,0.0382059800664451,1,0.0363636363636363,,0.0363636363636363,0.0363636363636363,0.0363636363636363
nintedanib,3,317.0,120.01666550941998,237,455,951,3,358.0,109.61751684835777,274,482,1074,3,0.054064444062114574,0.01742381490047423,0.0339702760084925,0.0649819494584837,0.1621933321863437,3,0.04626414612240263,0.01671012061867646,0.0321285140562249,0.0647058823529411,0.1387924383672079
nortriptyline,2,619.0,436.9919907732864,310,928,1238,2,892.0,1144.0987719598338,83,1701,1784,2,0.0819650520703645,0.010377762728295567,0.0746268656716417,0.0893032384690873,0.163930104140729,2,0.07056658678534745,0.03855075484558634,0.0433070866141732,0.0978260869565217,0.1411331735706949
octreotide,3,513.6666666666666,444.1062185258537,111,990,1541,3,769.0,869.9316065070863,88,1749,2307,3,0.04579337728005243,0.018823771388806185,0.028459273797841,0.0658174097664543,0.1373801318401573,3,0.04545504934159564,0.025524769201298064,0.0163104611923509,0.0638297872340425,0.13636514802478691
olanzapine,6,368.1666666666667,301.13811891998444,46,930,2209,6,459.8333333333333,625.9097112736522,40,1700,2759,6,0.13134483332738198,0.07702214236775515,0.0746268656716417,0.28125,0.7880689999642919,6,0.0984074743320215,0.055389516816994874,0.0438695163104611,0.2,0.590444845992129
olaratumab,1,1009.0,,1009,1009,1009,1,1769.0,,1769,1769,1769,1,0.0098135426889106,,0.0098135426889106,0.0098135426889106,0.0098135426889106,1,0.0050618672665916,,0.0050618672665916,0.0050618672665916,0.0050618672665916
olmesartan,2,632.5,514.06662992262,269,996,1265,2,1011.0,1039.4469683442248,276,1746,2022,2,0.025726007305243652,0.0044616445559397646,0.0225711481844946,0.0288808664259927,0.051452014610487304,2,0.02648139262312485,0.011997682058251836,0.0179977502812148,0.0349650349650349,0.0529627852462497
olsalazine,1,250.0,,250,250,250,1,336.0,,336,336,336,1,0.0118577075098814,,0.0118577075098814,0.0118577075098814,0.0118577075098814,1,0.0117647058823529,,0.0117647058823529,0.0117647058823529,0.0117647058823529
osimertinib,1,241.0,,241,241,241,1,328.0,,328,328,328,1,0.0474308300395256,,0.0474308300395256,0.0474308300395256,0.0474308300395256,1,0.0352941176470588,,0.0352941176470588,0.0352941176470588,0.0352941176470588
oxaliplatin,1,270.0,,270,270,270,1,282.0,,282,282,282,1,0.0252707581227436,,0.0252707581227436,0.0252707581227436,0.0252707581227436,1,0.0139860139860139,,0.0139860139860139,0.0139860139860139,0.0139860139860139
oxcarbazepine,1,32.0,,32,32,32,1,41.0,,41,41,41,1,0.0857142857142857,,0.0857142857142857,0.0857142857142857,0.0857142857142857,1,0.0681818181818181,,0.0681818181818181,0.0681818181818181,0.0681818181818181
oxycodone,2,783.5,289.20667350529794,579,988,1567,2,1131.5,856.306312016909,526,1737,2263,2,0.0343139812010341,0.005504117580204935,0.0304219823356231,0.0382059800664451,0.0686279624020682,2,0.03334799059208505,0.014549956693972492,0.0230596175478065,0.0436363636363636,0.0666959811841701
oxymorphone,1,441.0,,441,441,441,1,470.0,,470,470,470,1,0.0636942675159235,,0.0636942675159235,0.0636942675159235,0.0636942675159235,1,0.0562248995983935,,0.0562248995983935,0.0562248995983935,0.0562248995983935
paliperidone,3,265.0,196.5273517859537,48,431,795,3,198.0,234.7679705581662,42,468,594,3,0.13054736931055969,0.10440612526200711,0.0567164179104477,0.25,0.3916421079316791,3,0.10239916186485067,0.05164128845858907,0.0602409638554216,0.16,0.307197485594552
paroxetine,4,512.25,354.7415726036819,100,958,2049,4,700.0,712.3842596052591,81,1727,2800,4,0.08812169419170257,0.03476894791879663,0.0598626104023552,0.1379310344827586,0.3524867767668103,4,0.068528944339649,0.0480179774263683,0.0286839145106861,0.1382978723404255,0.274115777358596
pasireotide,1,991.0,,991,991,991,1,1749.0,,1749,1749,1749,1,0.0274779195289499,,0.0274779195289499,0.0274779195289499,0.0274779195289499,1,0.0163104611923509,,0.0163104611923509,0.0163104611923509,0.0163104611923509
pazopanib,1,238.0,,238,238,238,1,321.0,,321,321,321,1,0.0592885375494071,,0.0592885375494071,0.0592885375494071,0.0592885375494071,1,0.0558823529411764,,0.0558823529411764,0.0558823529411764,0.0558823529411764
pentazocine,1,992.0,,992,992,992,1,1750.0,,1750,1750,1750,1,0.0264965652600588,,0.0264965652600588,0.0264965652600588,0.0264965652600588,1,0.0157480314960629,,0.0157480314960629,0.0157480314960629,0.0157480314960629
pentoxifylline,1,319.0,,319,319,319,1,86.0,,86,86,86,1,0.0477611940298507,,0.0477611940298507,0.0477611940298507,0.0477611940298507,1,0.0652173913043478,,0.0652173913043478,0.0652173913043478,0.0652173913043478
pergolide,6,347.5,330.12285591882306,30,953,2085,6,444.0,645.5586727788575,39,1720,2664,6,0.09360191138965797,0.03487123142493952,0.0567164179104477,0.1428571428571428,0.5616114683379478,6,0.08011728215118198,0.04044154153458217,0.0326209223847019,0.1382978723404255,0.4807036929070919
perphenazine,2,244.5,272.2361107568208,52,437,489,2,256.5,299.10616844190963,45,468,513,2,0.12984341825902335,0.08153871985816213,0.0721868365180467,0.1875,0.2596868365180467,2,0.0801204819277108,0.028113884071272435,0.0602409638554216,0.1,0.1602409638554216
pertuzumab,2,625.5,536.6940469205896,246,1005,1251,2,1049.0,1011.1626970967629,334,1764,2098,2,0.0207034719770991,0.009849307626406194,0.0137389597644749,0.0276679841897233,0.0414069439541982,2,0.012760537285780402,0.006910585031512867,0.0078740157480314,0.0176470588235294,0.025521074571560803
phendimetrazine,1,324.0,,324,324,324,1,89.0,,89,89,89,1,0.0328358208955223,,0.0328358208955223,0.0328358208955223,0.0328358208955223,1,0.0326086956521739,,0.0326086956521739,0.0326086956521739,0.0326086956521739
phentolamine,1,995.0,,995,995,995,1,1758.0,,1758,1758,1758,1,0.0235525024533856,,0.0235525024533856,0.0235525024533856,0.0235525024533856,1,0.0112485939257592,,0.0112485939257592,0.0112485939257592,0.0112485939257592
phenylephrine,2,546.5,620.1326471006022,108,985,1093,2,923.0,1180.8683245815344,88,1758,1846,2,0.051165781191837796,0.025172628127922887,0.0333660451422963,0.0689655172413793,0.10233156238367559,2,0.03753919057990085,0.03718051835116784,0.0112485939257592,0.0638297872340425,0.0750783811598017
pilocarpine,2,697.5,378.3021279348029,430,965,1395,2,1097.5,888.8332239514903,469,1726,2195,2,0.07002098139593996,0.024081017646654407,0.0529931305201177,0.0870488322717622,0.14004196279187991,2,0.04373963796694085,0.02049661259880232,0.0292463442069741,0.0582329317269076,0.0874792759338817
pimavanserin,1,435.0,,435,435,435,1,470.0,,470,470,470,1,0.0764331210191082,,0.0764331210191082,0.0764331210191082,0.0764331210191082,1,0.0562248995983935,,0.0562248995983935,0.0562248995983935,0.0562248995983935
pimozide,2,245.5,272.2361107568208,53,438,491,2,257.5,300.5203820042827,45,470,515,2,0.12096934713375795,0.07199146468489633,0.0700636942675159,0.171875,0.2419386942675159,2,0.07811244979919675,0.03095367034109792,0.0562248995983935,0.1,0.1562248995983935
pindolol,1,973.0,,973,973,973,1,1731.0,,1731,1731,1731,1,0.0451422963689892,,0.0451422963689892,0.0451422963689892,0.0451422963689892,1,0.0264341957255343,,0.0264341957255343,0.0264341957255343,0.0264341957255343
ponatinib,1,236.0,,236,236,236,1,319.0,,319,319,319,1,0.067193675889328,,0.067193675889328,0.067193675889328,0.067193675889328,1,0.0617647058823529,,0.0617647058823529,0.0617647058823529,0.0617647058823529
pramipexole,4,516.25,357.72184259095314,102,967,2065,4,709.25,720.2783605431074,88,1749,2837,4,0.07929588395776632,0.030137949505474472,0.0510304219823356,0.1206896551724138,0.3171835358310653,4,0.0431821960971058,0.021330869868267786,0.0163104611923509,0.0638297872340425,0.1727287843884232
prasugrel,1,266.0,,266,266,266,1,215.0,,215,215,215,1,0.0921501706484641,,0.0921501706484641,0.0921501706484641,0.0921501706484641,1,0.0692640692640692,,0.0692640692640692,0.0692640692640692,0.0692640692640692
prochlorperazine,1,441.0,,441,441,441,1,470.0,,470,470,470,1,0.0636942675159235,,0.0636942675159235,0.0636942675159235,0.0636942675159235,1,0.0562248995983935,,0.0562248995983935,0.0562248995983935,0.0562248995983935
promethazine,1,429.0,,429,429,429,1,467.0,,467,467,467,1,0.0891719745222929,,0.0891719745222929,0.0891719745222929,0.0891719745222929,1,0.0622489959839357,,0.0622489959839357,0.0622489959839357,0.0622489959839357
propofol,1,275.0,,275,275,275,1,221.0,,221,221,221,1,0.0614334470989761,,0.0614334470989761,0.0614334470989761,0.0614334470989761,1,0.0432900432900432,,0.0432900432900432,0.0432900432900432,0.0432900432900432
propranolol,2,614.0,499.21738751770255,261,967,1228,2,992.5,1023.1835123769342,269,1716,1985,2,0.05439607741716055,0.004759755562204159,0.0510304219823356,0.0577617328519855,0.1087921548343211,2,0.047155600305206546,0.017373555822415253,0.0348706411698537,0.0594405594405594,0.09431120061041309
pseudoephedrine,3,460.6666666666667,454.84759352263626,98,971,1382,3,633.0,953.4951494370592,81,1734,1899,3,0.08931635349697313,0.0577836093506954,0.0471050049067713,0.1551724137931034,0.2679490604909194,3,0.08333376690540877,0.05686210264756996,0.0247469066366704,0.1382978723404255,0.2500013007162263
quetiapine,4,190.25,188.99977954131762,29,427,761,4,189.5,202.3750643401174,37,467,758,4,0.1624814388416504,0.07602573062523947,0.0934182590233545,0.265625,0.6499257553666016,4,0.11981549574923067,0.058405744573454044,0.0622489959839357,0.18,0.4792619829969227
ramucirumab,1,205.0,,205,205,205,1,198.0,,198,198,198,1,0.0191387559808612,,0.0191387559808612,0.0191387559808612,0.0191387559808612,1,0.0149253731343283,,0.0149253731343283,0.0149253731343283,0.0149253731343283
regorafenib,1,239.0,,239,239,239,1,326.0,,326,326,326,1,0.0553359683794466,,0.0553359683794466,0.0553359683794466,0.0553359683794466,1,0.0411764705882352,,0.0411764705882352,0.0411764705882352,0.0411764705882352
remifentanil,1,441.0,,441,441,441,1,470.0,,470,470,470,1,0.0636942675159235,,0.0636942675159235,0.0636942675159235,0.0636942675159235,1,0.0562248995983935,,0.0562248995983935,0.0562248995983935,0.0562248995983935
reteplase,2,179.0,156.97770542341354,68,290,358,2,155.5,173.24116139070415,33,278,311,2,0.05232505232505225,0.04066716586676658,0.0235690235690235,0.081081081081081,0.1046501046501045,2,0.0487588652482269,0.04889568167779321,0.0141843971631205,0.0833333333333333,0.0975177304964538
risperidone,4,421.0,386.4444763912836,48,951,1684,4,625.5,750.1490962913084,42,1720,2502,4,0.12117256782013833,0.08627238741006633,0.0667320902845927,0.25,0.4846902712805533,4,0.0754532337977931,0.05749359829490943,0.0326209223847019,0.16,0.3018129351911724
rizatriptan,1,990.0,,990,990,990,1,1750.0,,1750,1750,1750,1,0.028459273797841,,0.028459273797841,0.028459273797841,0.028459273797841,1,0.0157480314960629,,0.0157480314960629,0.0157480314960629,0.0157480314960629
ropinirole,4,515.0,356.805269019391,101,964,2060,4,709.0,720.3614833308807,88,1749,2836,4,0.08260235446525432,0.032994662281453015,0.0539744847890088,0.1293103448275862,0.3304094178610173,4,0.04363674155165125,0.0211557919901126,0.0163104611923509,0.0638297872340425,0.174546966206605
ruxolitinib,1,242.0,,242,242,242,1,334.0,,334,334,334,1,0.0434782608695652,,0.0434782608695652,0.0434782608695652,0.0434782608695652,1,0.0176470588235294,,0.0176470588235294,0.0176470588235294,0.0176470588235294
saquinavir,1,272.0,,272,272,272,1,220.0,,220,220,220,1,0.0716723549488054,,0.0716723549488054,0.0716723549488054,0.0716723549488054,1,0.0476190476190476,,0.0476190476190476,0.0476190476190476,0.0476190476190476
sargramostim,1,248.0,,248,248,248,1,337.0,,337,337,337,1,0.0197628458498023,,0.0197628458498023,0.0197628458498023,0.0197628458498023,1,0.0088235294117647,,0.0088235294117647,0.0088235294117647,0.0088235294117647
scopolamine,1,103.0,,103,103,103,1,82.0,,82,82,82,1,0.1120689655172413,,0.1120689655172413,0.1120689655172413,0.1120689655172413,1,0.1276595744680851,,0.1276595744680851,0.1276595744680851,0.1276595744680851
selegiline,1,58.0,,58,58,58,1,46.0,,46,46,46,1,0.09375,,0.09375,0.09375,0.09375,1,0.08,,0.08,0.08,0.08
siltuximab,1,249.0,,249,249,249,1,337.0,,337,337,337,1,0.0158102766798418,,0.0158102766798418,0.0158102766798418,0.0158102766798418,1,0.0088235294117647,,0.0088235294117647,0.0088235294117647,0.0088235294117647
sirolimus,2,349.5,152.02795795510772,242,457,699,2,401.5,111.01576464628796,323,480,803,2,0.03660112618849805,0.009725737136231536,0.0297239915074309,0.0434782608695652,0.0732022523769961,2,0.0430722891566265,0.009797262630897958,0.036144578313253,0.05,0.086144578313253
sulfasalazine,1,588.0,,588,588,588,1,541.0,,541,541,541,1,0.0232558139534883,,0.0232558139534883,0.0232558139534883,0.0232558139534883,1,0.0163636363636363,,0.0163636363636363,0.0163636363636363,0.0163636363636363
sulindac,2,626.0,510.5310960166873,265,987,1252,2,1020.0,1049.3464632808366,278,1762,2040,2,0.03736231812175165,0.008427272479607804,0.0314033366045142,0.0433212996389891,0.0747246362435033,2,0.01848545155631765,0.013416045027586178,0.0089988751406074,0.0279720279720279,0.0369709031126353
sumatriptan,2,510.0,97.58073580374356,441,579,1020,2,500.0,42.42640687119285,470,530,1000,2,0.0509501237911843,0.018022940896358145,0.0382059800664451,0.0636942675159235,0.1019002475823686,2,0.0462942679810149,0.014044033916227883,0.0363636363636363,0.0562248995983935,0.0925885359620298
tacrolimus,1,277.0,,277,277,277,1,221.0,,221,221,221,1,0.0546075085324232,,0.0546075085324232,0.0546075085324232,0.0546075085324232,1,0.0432900432900432,,0.0432900432900432,0.0432900432900432,0.0432900432900432
tenecteplase,4,407.75,408.7088409450751,68,1002,1631,4,590.75,794.1202155005668,33,1769,2363,4,0.03574844426018678,0.030360843784341136,0.0166830225711481,0.081081081081081,0.14299377704074712,4,0.028267277063138953,0.036901391516683466,0.0050618672665916,0.0833333333333333,0.11306910825255581
testosterone,1,272.0,,272,272,272,1,220.0,,220,220,220,1,0.0716723549488054,,0.0716723549488054,0.0716723549488054,0.0716723549488054,1,0.0476190476190476,,0.0476190476190476,0.0476190476190476,0.0476190476190476
tetrabenazine,1,441.0,,441,441,441,1,470.0,,470,470,470,1,0.0636942675159235,,0.0636942675159235,0.0636942675159235,0.0636942675159235,1,0.0562248995983935,,0.0562248995983935,0.0562248995983935,0.0562248995983935
thalidomide,4,222.25,178.0287898065928,71,457,889,4,229.0,195.37144110642168,71,485,916,4,0.07833999986702488,0.05489282420905103,0.0297239915074309,0.1551724137931034,0.3133599994680995,4,0.06491452450821841,0.04822554711404858,0.0261044176706827,0.1276595744680851,0.25965809803287365
theophylline,1,567.0,,567,567,567,1,522.0,,522,522,522,1,0.0581395348837209,,0.0581395348837209,0.0581395348837209,0.0581395348837209,1,0.0509090909090909,,0.0509090909090909,0.0509090909090909,0.0509090909090909
thioridazine,1,430.0,,430,430,430,1,467.0,,467,467,467,1,0.0870488322717622,,0.0870488322717622,0.0870488322717622,0.0870488322717622,1,0.0622489959839357,,0.0622489959839357,0.0622489959839357,0.0622489959839357
thiothixene,2,239.0,265.87214972614186,51,427,478,2,255.5,297.6919548795365,45,466,511,2,0.14827162951167724,0.07757438048646212,0.0934182590233545,0.203125,0.2965432590233545,2,0.0821285140562249,0.025274097801446887,0.0642570281124498,0.1,0.1642570281124498
ticlopidine,1,575.0,,575,575,575,1,528.0,,528,528,528,1,0.0448504983388704,,0.0448504983388704,0.0448504983388704,0.0448504983388704,1,0.04,,0.04,0.04,0.04
tinzaparin,3,499.3333333333333,463.8548623581878,68,990,1498,3,753.0,890.2084025665001,32,1748,2259,3,0.058452588215125424,0.02707294032425738,0.028459273797841,0.081081081081081,0.17535776464537628,3,0.055378870813839,0.04942437225175052,0.0168728908886389,0.1111111111111111,0.166136612441517
tiotropium,1,431.0,,431,431,431,1,469.0,,469,469,469,1,0.0849256900212314,,0.0849256900212314,0.0849256900212314,0.0849256900212314,1,0.0582329317269076,,0.0582329317269076,0.0582329317269076,0.0582329317269076
tirofiban,2,159.5,126.572113832392,70,249,319,2,185.0,213.54624791833734,34,336,370,2,0.034932165366947904,0.027042434319494105,0.0158102766798418,0.054054054054054,0.06986433073389581,2,0.0336601307189542,0.030964806757842266,0.0117647058823529,0.0555555555555555,0.0673202614379084
tofacitinib,3,431.6666666666667,147.9504421532201,275,569,1295,3,415.3333333333333,171.46525401180654,220,541,1246,3,0.05290452261903337,0.009628857891598255,0.0424628450106157,0.0614334470989761,0.1587135678571001,3,0.030029033884455533,0.015993034186960253,0.0163636363636363,0.0476190476190476,0.0900871016533666
tolmetin,1,1015.0,,1015,1015,1015,1,1766.0,,1766,1766,1766,1,0.0039254170755642,,0.0039254170755642,0.0039254170755642,0.0039254170755642,1,0.0067491563554555,,0.0067491563554555,0.0067491563554555,0.0067491563554555
tramadol,2,703.0,379.00923471598946,435,971,1406,2,1100.0,890.9545442950499,470,1730,2200,2,0.06176906296293975,0.020738109782459862,0.0471050049067713,0.0764331210191082,0.1235381259258795,2,0.041610762510107854,0.02066751087263322,0.0269966254218222,0.0562248995983935,0.08322152502021571
trastuzumab,1,237.0,,237,237,237,1,328.0,,328,328,328,1,0.0632411067193675,,0.0632411067193675,0.0632411067193675,0.0632411067193675,1,0.0352941176470588,,0.0352941176470588,0.0352941176470588,0.0352941176470588
trazodone,2,510.5,648.4169183480641,52,969,1021,2,888.0,1192.1820330805192,45,1731,1776,2,0.1182838567222767,0.09788640855851562,0.0490677134445534,0.1875,0.2365677134445534,2,0.06321709786276715,0.052018879065917,0.0264341957255343,0.1,0.1264341957255343
treprostinil,2,507.0,97.58073580374356,438,576,1014,2,497.0,41.012193308819754,468,526,994,2,0.056626531519139996,0.01900301779856773,0.0431893687707641,0.0700636942675159,0.11325306303827999,2,0.0519386637458926,0.011741225413787549,0.0436363636363636,0.0602409638554216,0.1038773274917852
trifluoperazine,1,432.0,,432,432,432,1,470.0,,470,470,470,1,0.0828025477707006,,0.0828025477707006,0.0828025477707006,0.0828025477707006,1,0.0562248995983935,,0.0562248995983935,0.0562248995983935,0.0562248995983935
trihexyphenidyl,1,431.0,,431,431,431,1,469.0,,469,469,469,1,0.0849256900212314,,0.0849256900212314,0.0849256900212314,0.0849256900212314,1,0.0582329317269076,,0.0582329317269076,0.0582329317269076,0.0582329317269076
trimipramine,2,492.5,655.4879861599295,29,956,985,2,883.0,1193.5962466428923,39,1727,1766,2,0.11662694518435435,0.07750120307467309,0.0618253189401373,0.1714285714285714,0.2332538903687087,2,0.07116013907352485,0.060070452855171756,0.0286839145106861,0.1136363636363636,0.1423202781470497
triptorelin,1,998.0,,998,998,998,1,1761.0,,1761,1761,1761,1,0.0206084396467124,,0.0206084396467124,0.0206084396467124,0.0206084396467124,1,0.0095613048368953,,0.0095613048368953,0.0095613048368953,0.0095613048368953
tropicamide,1,966.0,,966,966,966,1,1727.0,,1727,1727,1727,1,0.0520117762512266,,0.0520117762512266,0.0520117762512266,0.0520117762512266,1,0.0286839145106861,,0.0286839145106861,0.0286839145106861,0.0286839145106861
vandetanib,3,228.66666666666666,33.94603560555096,192,259,686,3,263.3333333333333,68.62458257310811,190,326,790,3,0.0724893024788108,0.00826117175580267,0.0649819494584837,0.0813397129186602,0.2174679074364324,3,0.045953626901827,0.0076074605045433836,0.0411764705882352,0.0547263681592039,0.137860880705481
warfarin,1,276.0,,276,276,276,1,220.0,,220,220,220,1,0.0580204778156996,,0.0580204778156996,0.0580204778156996,0.0580204778156996,1,0.0476190476190476,,0.0476190476190476,0.0476190476190476,0.0476190476190476
zidovudine,1,275.0,,275,275,275,1,221.0,,221,221,221,1,0.0614334470989761,,0.0614334470989761,0.0614334470989761,0.0614334470989761,1,0.0432900432900432,,0.0432900432900432,0.0432900432900432,0.0432900432900432
ziprasidone,5,207.0,168.20374549931995,29,427,1035,5,206.0,177.98033599249104,39,467,1030,5,0.1479065795216259,0.08223368626174189,0.0808080808080808,0.28125,0.7395328976081295,5,0.09166818364921411,0.04472059650012372,0.0531914893617021,0.16,0.4583409182460706
zolmitriptan,2,715.5,388.2016228714146,441,990,1431,2,1109.5,904.3895731375943,470,1749,2219,2,0.046076770656882246,0.02491490299312154,0.028459273797841,0.0636942675159235,0.09215354131376449,2,0.036267680395372204,0.028223770064165495,0.0163104611923509,0.0562248995983935,0.07253536079074441
