Gene,Mean Difference in -log(BH)
A2M,-0.6254481138067091
A4GALT,-0.7241589630474792
AAK1,-0.2585546164033702
AARS,-0.7226370087215657
AARS2,-0.7241589630474792
ABCA1,-0.5649709397751176
ABCA3,-0.024538863437767216
ABCA4,-0.7241589630474792
ABCB1,-0.5197999549137914
ABCB4,-0.36313231494699516
ABCC1,-0.5882973688399827
ABCC11,-0.2585546164033702
ABCC8,-0.29824011693524827
ABCC9,-0.7241589630474792
ABCD1,-0.600880662648489
ABCD4,-0.21132595518782496
ABCF1,-0.10845901757095847
ABCG1,-0.7226370087215657
ABCG2,-0.1574723455318364
ABCG5,-0.6434167025021932
ABCG8,-0.6434167025021932
ABHD12,-0.600880662648489
ABI3BP,-0.7241589630474792
ABL1,-0.21132595518782496
ABO,-0.5010602489917767
ABRAXAS2,-0.7241589630474792
ACAD9,-0.21132595518782496
ACADSB,-0.3034492896799361
ACAT1,-0.27495843933134617
ACD,-0.21132595518782496
ACE,-0.3409668922539743
ACE2,-0.3889281637920561
ACHE,-0.5619569714511238
ACKR1,-0.06827755339778033
ACKR3,-0.024538863437767216
ACO1,-0.729375423268933
ACOD1,-0.2585546164033702
ACOT8,-0.2585546164033702
ACOXL,-0.7241589630474792
ACP5,-0.024538863437767216
ACSF2,0.0563220956567818
ACSL3,-0.3034492896799361
ACSL4,-0.83370462769801
ACSL5,-0.3034492896799361
ACSS1,-0.7241589630474792
ACTA1,-0.024538863437767216
ACTA2,-0.7241589630474792
ACTG1,-0.7226370087215657
ACTG1P14,-0.7241589630474792
ACTN1,-0.21132595518782496
ACTN4,-0.3368343796227025
ACTR3B,-0.7241589630474792
ACVR1B,-0.7241589630474792
AD14,-0.024538863437767216
ADA,-0.33750413994132766
ADA2,-0.600880662648489
ADAM10,-0.3076039856010708
ADAM17,-0.37258327773635663
ADAM24P,-0.7241589630474792
ADAM8,-0.3976695832296136
ADAMTS1,-0.46997999446806554
ADAMTS10,-0.044869343523860294
ADAMTS13,-0.4955330937051489
ADAMTS18,-0.35322613379276624
ADAMTS6,-0.7241589630474792
ADAMTS7,-0.6434167025021932
ADAMTS9-AS2,-0.7241589630474792
ADAMTSL1,-0.7241589630474792
ADAMTSL3,-0.7241589630474792
ADAR,-0.2585546164033702
ADCY8,-0.7241589630474792
ADD1,-0.7241589630474792
ADGRB2,-0.6313298223058947
ADGRB3,-0.7241589630474792
ADGRL3,-0.7241589630474792
ADGRL4,-0.7241589630474792
ADH1B,-0.638227462076644
ADH1C,-0.6385590793733147
ADH4,-0.35322613379276624
ADH5,-0.7241589630474792
ADIPOQ,-0.6230484033180892
ADIPOR1,-0.7241589630474792
ADIPOR2,-0.7241589630474792
ADM,-0.48910387010459794
ADORA1,-0.7186984253567977
ADORA2A,-0.2226536438987173
ADORA2B,-0.09951478429082447
ADORA3,-0.3976695832296136
ADRA1D,-0.7241589630474792
ADRA2B,-0.7241589630474792
ADRB1,-0.7241589630474792
ADRB2,-0.35569233135581124
ADRB3,-0.533252610750681
AFAP1L2,-0.7241589630474792
AFP,-0.600880662648489
AGER,-0.3794648347727805
AGL,-0.08408153870294933
AGMO,-0.7241589630474792
AGPAT9,-0.7241589630474792
AGR2,-0.35322613379276624
AGT,-0.3561125240559302
AGTR1,-0.7238672434395488
AGTR2,-0.5881860122576066
AGXT,-0.600880662648489
AHCYP3,-0.7241589630474792
AHDC1,-0.7241589630474792
AHR,-0.3870767691618984
AHSA1,-0.09951478429082447
AHSG,-0.7241589630474792
AICDA,-0.21132595518782496
AIFM1,-0.600880662648489
AIG1,-0.7241589630474792
AIMP1,-0.7241589630474792
AIMP2,-0.09951478429082447
AIP,-0.6392099142205949
AIRE,-0.7226370087215657
AK1,-0.5366688550120761
AKAP13,-0.7241589630474792
AKAP8P1,-0.7241589630474792
AKR1A1,-0.6378879457182062
AKR1B1,-0.08982375119123312
AKT1,-0.7117451527675352
AKT1S1,-0.7186984253567977
AKT2,-0.024538863437767216
ALAD,-0.7226370087215657
ALB,-0.4724298396690107
ALCAM,-0.7241589630474792
ALDH2,-0.638227462076644
ALDH7A1,-0.024538863437767216
ALMS1,-0.7241589630474792
ALOX12,-0.10433561004426355
ALOX15,-0.383608718080818
ALOX5,-0.35556494734001176
ALOX5AP,-0.7238672434395488
ALX4,-0.7241589630474792
AMACR,-0.600880662648489
AMIGO2,-0.7241589630474792
AMMECR1,-0.83370462769801
AMN,-0.3656669573005462
AMPD1,-0.5881860122576066
AMPD2,-0.2585546164033702
AMT,-0.4551251428672465
AMY2A,-0.35322613379276624
ANG,-0.34361909114729405
ANGPT1,-0.347185568847667
ANGPT2,-0.49944850490091763
ANGPTL1,-0.6313298223058947
ANGPTL3,-0.3034492896799361
ANGPTL4,-0.6434167025021932
ANIB1,-0.35322613379276624
ANK2,-0.7241589630474792
ANKRD18EP,-0.7241589630474792
ANKRD26,-0.21132595518782496
ANKRD6,-0.7241589630474792
ANKS1B,-0.7241589630474792
ANLN,-0.83370462769801
ANO10,-0.600880662648489
ANP32B,-0.7241589630474792
ANP32BP3,-0.7241589630474792
ANXA1,-0.197257158311209
ANXA2,-0.35322613379276624
ANXA5,-0.3976695832296136
AOAH,-0.2585546164033702
AOC2,-0.024538863437767216
AOC3,-0.024538863437767216
AP1M1,-0.7241589630474792
AP1S1,-0.600880662648489
AP1S3,-0.7241589630474792
AP2S1,-0.35322613379276624
AP3B1,-0.21132595518782496
AP3D1,-0.7241589630474792
AP5Z1,-0.600880662648489
APC,-0.16473204260531443
APCS,-0.35322613379276624
APEX1,-0.7241589630474792
APOA1,-0.3660399526351967
APOA2,-0.6434167025021932
APOA4,-0.6434167025021932
APOA5,-0.5867941525101098
APOB,-0.5472011809774874
APOBEC1,-0.3034492896799361
APOC1,-0.5472011809774874
APOC2,-0.33123171430105064
APOC3,-0.6434167025021932
APOD,-0.7241589630474792
APOE,-0.39363301766289815
APOF,-0.3034492896799361
APOH,-0.6106468807837757
APOL1,-0.7241589630474792
APOPT1,-0.83370462769801
APP,-0.5770062067697821
APRT,-0.15096227084569436
APTX,-0.600880662648489
AQP1,-0.20835983165501323
AQP4,-0.3420218983195413
AQP5,-0.2585546164033702
AR,-0.3582220588586273
ARC,-0.5058230903719519
ARG1,-0.7241589630474792
ARHGAP42,-0.7241589630474792
ARHGDIA,-0.3656669573005462
ARHGEF2,-0.3976695832296136
ARHGEF26,-0.7241589630474792
ARHGEF28,-0.7241589630474792
ARHGEF5,-0.024538863437767216
ARHGEF7,-0.37487760392615355
ARID1B,-0.11378164600453868
ARL15,-0.7241589630474792
ARL2BPP6,-0.7241589630474792
ARL2BPP7,-0.7241589630474792
ARL2BPP8,-0.7241589630474792
ARL6IP1,-0.600880662648489
ARNT2,-0.7241589630474792
ARNTL,-0.7241589630474792
ARPC3P2,-0.7241589630474792
ARRB2,-0.7511245830492573
ARSA,-0.642991342103656
ARTN,-0.600880662648489
ARVCF,-0.7241589630474792
AS3MT,-0.3034492896799361
ASB17,-0.7241589630474792
ASCC1,-0.37487760392615355
ASGR1,-0.21132595518782496
ASNS,-0.35322613379276624
ASPG,-0.2837856208584333
ASRGL1,-0.3034492896799361
ASS1,-0.2585546164033702
ASXL1,-0.21132595518782496
ATF1P1,-0.7241589630474792
ATF3,-0.10433561004426355
ATG16L1,-0.2585546164033702
ATG7,-0.3976695832296136
ATL1,-0.7241589630474792
ATM,-0.7186984253567977
ATN1,-0.5057134385086244
ATOH1,-0.7241589630474792
ATP10D,-0.7241589630474792
ATP12A,-0.024538863437767216
ATP1A1,-0.7241589630474792
ATP1B1,0.0563220956567818
ATP2B1,-0.7241589630474792
ATP4A,-0.024538863437767216
ATP5F1E,-0.600880662648489
ATP5PF,-0.7241589630474792
ATP6,-0.2686230295282266
ATP6V0A1,-0.2585546164033702
ATP6V0A2,-0.2585546164033702
ATP6V0A4,-0.2585546164033702
ATP7A,-0.2275574013320193
ATP7B,-0.3035302029671116
ATP8A1,-0.7241589630474792
ATP8B1,-0.35322613379276624
ATR,-0.6096428544962943
ATRX,-0.21132595518782496
ATXN1,-0.7241589630474792
ATXN2,-0.7226370087215657
ATXN3,-0.600880662648489
ATXN7,-0.09951478429082447
ATXN8,-0.600880662648489
ATXN8OS,-0.600880662648489
AUH,-0.7241589630474792
AUNX1,-0.600880662648489
AURKA,-0.600880662648489
AVP,-0.5881860122576066
AVPR1A,-0.7241589630474792
AXIN2,-0.7241589630474792
AZI2,-0.2585546164033702
B2M,-0.2867815562207109
B3GNT2,-0.7241589630474792
B3GNTL1,-0.7241589630474792
BAAT,-0.2585546164033702
BACE1,-0.6313298223058947
BACE2,-0.7241589630474792
BAD,-0.11378164600453868
BAG3,-0.7241589630474792
BANK1,-0.7241589630474792
BARD1,-0.7241589630474792
BAX,-0.3870767691618984
BAZ1B,-0.83370462769801
BBC3,-0.2585546164033702
BCAS1,-0.7241589630474792
BCAS3,-0.7241589630474792
BCHE,-0.2530007969818752
BCKDHA,-0.35322613379276624
BCKDHB,-0.35322613379276624
BCL10,-0.6096428544962943
BCL2,-0.32667112433045004
BCL2L1,-0.5097018357305141
BCR,-0.21132595518782496
BDKRB1,-0.5744437720746824
BDKRB2,-0.5202060295952191
BDNF,-0.45241642917667874
BDNF-AS,-0.7241589630474792
BDP1P,-0.7241589630474792
BECN1,-0.7241589630474792
BEST1,-0.7241589630474792
BGN,-0.7241589630474792
BIN1,-0.7241589630474792
BIRC3,-0.024538863437767216
BIRC5,-0.7186984253567977
BLNK,-0.09951478429082447
BLOC1S6,-0.21132595518782496
BLVRA,-0.2585546164033702
BMI1,-0.7241589630474792
BMP1,-0.024538863437767216
BMP4,-0.024538863437767216
BMP6,-0.7241589630474792
BMP7,-0.6262549623629937
BMPR1B,-0.7241589630474792
BMS1,-0.7241589630474792
BNIP3,-0.6385590793733147
BNIP3L,-0.35322613379276624
BPI,-0.5881860122576066
BRAF,-0.35322613379276624
BRAP,-0.7241589630474792
BRCA1,-0.37258327773635663
BRCA2,-0.07073352053724387
BRINP1,-0.7241589630474792
BRINP3,-0.7241589630474792
BRIP1,-0.21132595518782496
BRMS1L,-0.7241589630474792
BSG,-0.6313298223058947
BSND,-0.6392099142205949
BTK,-0.024538863437767216
BTN2A1,-0.7241589630474792
BTNL2,-0.21132595518782496
BUD13,-0.3034492896799361
BUD23,-0.024538863437767216
C11orf87,-0.7241589630474792
C12orf65,-0.600880662648489
C12orf77,-0.7241589630474792
C14orf177,-0.7241589630474792
C15orf53,-0.7241589630474792
C15orf54,-0.7241589630474792
C19orf24,-0.7241589630474792
C1D,-0.7241589630474792
C1GALT1,-0.21132595518782496
C1QBP,-0.024538863437767216
C2,-0.3359657799676674
C20orf181,-0.6255864429888974
C3,-0.3611720482899419
C3AR1,-0.09951478429082447
C3orf20,-0.35322613379276624
C3orf58,-0.7241589630474792
C4B,-0.7241589630474792
C5,-0.3281487607381889
C5AR1,-0.09951478429082447
C5AR2,-0.27495843933134617
C6,-0.38148425535571584
C6orf118,-0.7241589630474792
C7,-0.3505469900000739
C7orf62,-0.7241589630474792
C7orf65,-0.7241589630474792
C7orf66,-0.7241589630474792
C8A,-0.7186984253567977
C8B,-0.7241589630474792
C8orf34,-0.7241589630474792
C9orf106,-0.7241589630474792
C9orf139,-0.7241589630474792
C9orf152,-0.7241589630474792
C9orf171,-0.7241589630474792
CA10,-0.7241589630474792
CA2,-0.37166284003756006
CA3,-0.3976695832296136
CABS1,-0.7241589630474792
CACNA1A,-0.83370462769801
CACNA1B,-0.600880662648489
CACNA2D3,-0.7241589630474792
CACNB3,-0.21132595518782496
CACYBP,-0.7241589630474792
CAD,-0.49030833545882
CADM1,-0.2585546164033702
CALCA,-0.28959445469543443
CALCOCO2,-0.7241589630474792
CALCR,-0.7241589630474792
CALM1,-0.6313298223058947
CALM2,-0.22813824314324604
CALM3,-0.22813824314324604
CALML3,-0.2585546164033702
CALR,-0.7241589630474792
CAMKMT,-0.044869343523860294
CAMP,-0.2585546164033702
CAMSAP1,-0.7241589630474792
CAPG,-0.600880662648489
CAPN1,-0.6313298223058947
CARD11,-0.024538863437767216
CARD8,-0.7241589630474792
CARF,-0.7241589630474792
CARS,-0.2585546164033702
CARTPT,-0.6313298223058947
CASC20,-0.7241589630474792
CASP1,-0.36471550239247097
CASP12,-0.5470251576360288
CASP3,-0.5175559391092837
CASP6,-0.6313298223058947
CASP7,-0.7241589630474792
CASP8,-0.38309697639441675
CASP9,-0.26621226064960923
CASQ2,-0.7241589630474792
CASR,-0.6385590793733147
CAST,-0.7241589630474792
CAT,-0.4540364492316867
CAV1,-0.3703389711921722
CAV3,-0.7226370087215657
CBLL2,-0.2585546164033702
CBS,-0.5415725799746656
CBSL,-0.6313298223058947
CBX4,-0.7241589630474792
CBX8,-0.7241589630474792
CCAT1,-0.7241589630474792
CCAT2,-0.7241589630474792
CCDC167,-0.7241589630474792
CCDC181,0.0563220956567818
CCDC185,-0.7241589630474792
CCDC22,-0.024538863437767216
CCDC57,-0.83370462769801
CCDC88A,-0.2616585861011098
CCK,-0.22871500014288793
CCL1,-0.37258327773635663
CCL11,-0.3976695832296136
CCL13,-0.024538863437767216
CCL16,-0.7241589630474792
CCL17,-0.024538863437767216
CCL18,-0.024538863437767216
CCL19,-0.024538863437767216
CCL2,-0.32574915620597844
CCL20,-0.024538863437767216
CCL22,-0.024538863437767216
CCL24,-0.024538863437767216
CCL26,-0.024538863437767216
CCL3,-0.06499159402897571
CCL4,-0.09864753237709455
CCL4L1,-0.044869343523860294
CCL4L2,-0.044869343523860294
CCL5,-0.37063596054405734
CCL7,-0.024538863437767216
CCL8,-0.024538863437767216
CCNA2,-0.5881860122576066
CCND1,-0.7241589630474792
CCNH,-0.6313298223058947
CCR1,-0.024538863437767216
CCR2,-0.3660805758894655
CCR3,-0.3976695832296136
CCR5,-0.5472011809774874
CCR6,-0.024538863437767216
CCR7,-0.3034492896799361
CCR8,-0.024538863437767216
CCR9,-0.024538863437767216
CCT2,-0.7241589630474792
CCT7,-0.7241589630474792
CD14,-0.3764944157939109
CD151,-0.7241589630474792
CD163,-0.5881860122576066
CD177,-0.2585546164033702
CD19,-0.024538863437767216
CD1D,-0.600880662648489
CD2,-0.3833093387827913
CD200,-0.7241589630474792
CD209,-0.21132595518782496
CD274,-0.024538863437767216
CD276,-0.7241589630474792
CD28,-0.7241589630474792
CD2AP,-0.83370462769801
CD300A,-0.7241589630474792
CD300LB,-0.7241589630474792
CD34,-0.6096428544962943
CD36,-0.5619569714511238
CD38,-0.35322613379276624
CD3D,-0.2585546164033702
CD4,-0.3528523649618528
CD40,-0.3528136992207238
CD40LG,-0.35457881939355934
CD44,-0.11992475993075313
CD53,-0.21132595518782496
CD55,-0.3656669573005462
CD59,-0.7226370087215657
CD68,-0.08408153870294933
CD80,-0.2585546164033702
CD81,-0.024538863437767216
CD82,-0.7241589630474792
CD83,-0.7241589630474792
CD86,-0.09951478429082447
CD93,-0.7241589630474792
CDA,-0.21132595518782496
CDC20,-0.2837856208584333
CDC42,-0.06499159402897571
CDC73,-0.6434167025021932
CDCA2,-0.7241589630474792
CDCP1,-0.6434167025021932
CDH13,-0.6434167025021932
CDH19,-0.7241589630474792
CDH2,-0.7241589630474792
CDH23,-0.7241589630474792
CDH4,-0.7241589630474792
CDH6,-0.7241589630474792
CDH7,-0.7241589630474792
CDH8,-0.7241589630474792
CDH9,-0.7241589630474792
CDK4,-0.6313298223058947
CDK5PS,-0.7241589630474792
CDK9,-0.2585546164033702
CDKAL1,-0.7241589630474792
CDKN1A,-0.7241589630474792
CDKN1B,-0.7241589630474792
CDKN1C,-0.6096428544962943
CDKN2A,-0.6382002373092687
CDKN2B,-0.6106468807837757
CDKN2B-AS1,-0.7186984253567977
CDR1,-0.7241589630474792
CDSN,-0.21132595518782496
CEACAM1,-0.7186984253567977
CEACAM5,-0.35322613379276624
CECR,-0.7241589630474792
CEL,-0.3674212555875905
CELA3B,-0.35322613379276624
CELF1,0.0563220956567818
CELF4,-0.7241589630474792
CELSR2,-0.7241589630474792
CEMIP,-0.024538863437767216
CENPC,-0.024538863437767216
CEP112,-0.7241589630474792
CEP19,-0.7241589630474792
CEP295NL,-0.7241589630474792
CEP72,-0.600880662648489
CEP83-AS1,-0.7241589630474792
CETP,-0.5472011809774874
CFAP44,-0.7241589630474792
CFB,-0.09951478429082447
CFH,-0.3637050252660251
CFHR1,-0.024538863437767216
CFL1,-0.7241589630474792
CFL1P8,-0.7241589630474792
CFTR,-0.09855383777282407
CHAT,-0.7241589630474792
CHD7,-0.07304062489163274
CHDH,-0.6434167025021932
CHI3L1,-0.5881860122576066
CHIA,-0.024538863437767216
CHIT1,-0.27495843933134617
CHRD,-0.21132595518782496
CHRM1,-0.7241589630474792
CHRM3,-0.7241589630474792
CHRNA1,-0.2616585861011098
CHRNA4,-0.7241589630474792
CHRNA5,-0.7241589630474792
CHRND,-0.2616585861011098
CHRNG,-0.2795123796036034
CHST3,-0.7241589630474792
CHSY1,-0.600880662648489
CHTOP,-0.7241589630474792
CHUK,-0.024538863437767216
CICP17,-0.7241589630474792
CIDEC,-0.35322613379276624
CIITA,-0.7241589630474792
CIRBP,-0.3076039856010708
CISD1,-0.7241589630474792
CISD1P1,-0.7241589630474792
CKB,-0.7241589630474792
CKM,-0.7241589630474792
CLCN5,-0.83370462769801
CLCNKA,-0.2616585861011098
CLCNKB,-0.2616585861011098
CLDN2,-0.35322613379276624
CLDN4,0.34378280057691296
CLDN5,-0.7241589630474792
CLEC16A,-0.7241589630474792
CLEC4D,-0.2585546164033702
CLEC6A,-0.024538863437767216
CLEC7A,-0.09951478429082447
CLIP2,-0.83370462769801
CLLU1OS,-0.7241589630474792
CLMP,-0.83370462769801
CLOCK,-0.09951478429082447
CLU,-0.83370462769801
CLYBL,-0.7241589630474792
CMA1,-0.7241589630474792
CMIP,-0.7241589630474792
CMKLR1,-0.7241589630474792
CMSS1,-0.7241589630474792
CMTR1,-0.7241589630474792
CNBP,-0.3034492896799361
CNEP1R1,-0.7241589630474792
CNPY2,-0.35322613379276624
CNR1,-0.4816411001213038
CNR2,-0.6385590793733147
CNTN1,-0.7241589630474792
CNTN5,-0.7241589630474792
CNTN6,-0.7241589630474792
CNTNAP2,-0.7241589630474792
COA5,-0.83370462769801
COA7,-0.83370462769801
COG4,-0.21132595518782496
COL11A2,-0.6313298223058947
COL13A1,-0.7241589630474792
COL18A1,-0.11378164600453868
COL1A1,-0.7241589630474792
COL21A1,-0.7241589630474792
COL26A1,-0.7241589630474792
COL2A1,-0.2616585861011098
COL3A1,-0.7241589630474792
COL4A1,-0.7241589630474792
COL4A2,-0.7241589630474792
COL4A3,-0.83370462769801
COL4A4,-0.83370462769801
COL4A5,-0.30353020296711164
COL5A2,-0.7241589630474792
COL8A1,-0.7241589630474792
COMMD7,-0.7241589630474792
COMT,-0.6648110418760258
COPD,-0.024538863437767216
COPS5P1,-0.7241589630474792
COQ6,-0.83370462769801
COQ7,-0.600880662648489
COQ8B,-0.3656669573005462
COTL1,-0.2585546164033702
COX1,-0.36480885295283566
COX10,-0.83370462769801
COX14,-0.83370462769801
COX2,-0.3558262704761122
COX20,-0.83370462769801
COX3,-0.36313231494699516
COX6B1,-0.83370462769801
COX6CP3,-0.7241589630474792
COX8A,-0.1171709028121979
CP,-0.3470607604512149
CPA1,-0.35322613379276624
CPA2,-0.35322613379276624
CPB2,-0.6613890011676024
CPE,-0.2151903682812749
CPLX2,-0.7241589630474792
CPNE4,-0.7241589630474792
CPOX,-0.600880662648489
CPSF4,-0.7241589630474792
CPT1C,-0.600880662648489
CR2,-0.36193937322724745
CRACR2A,-0.7241589630474792
CRADD,-0.5881860122576066
CREB1,-0.7186984253567977
CREB3L1,-0.7241589630474792
CREBBP,-0.09951478429082447
CREG1,-0.7241589630474792
CREM,-0.7241589630474792
CRH,-0.2585546164033702
CRISPLD2,-0.29841630793574747
CRK,-0.09951478429082447
CRLF2,-0.07073352053724387
CRLS1,-0.024538863437767216
CRP,-0.35384699470825637
CRYZ,-0.7511245830492573
CSF1R,-0.600880662648489
CSF2,-0.3572170972548786
CSF3,-0.35576868337063633
CSF3R,-0.21132595518782496
CSN1S1,-0.21132595518782496
CSN3,-0.7241589630474792
CSNK2A1,-0.7241589630474792
CSNK2B,-0.7241589630474792
CSRP3,-0.2585546164033702
CST2,-0.7241589630474792
CST3,-0.7241589630474792
CST5,-0.7241589630474792
CST6,-0.7241589630474792
CST7,-0.7241589630474792
CTC1,-0.6096428544962943
CTGF,-0.5470251576360288
CTH,-0.2585546164033702
CTLA4,-0.4280388408436869
CTNNA3,-0.7241589630474792
CTNNAL1,-0.7241589630474792
CTNND2,-0.7241589630474792
CTNS,-0.83370462769801
CTRB1,-0.35322613379276624
CTRB2,-0.35322613379276624
CTRC,-0.35322613379276624
CTSB,-0.555157908559773
CTSD,-0.7241589630474792
CTSG,-0.4052070102965904
CTSK,-0.024538863437767216
CTSL,-0.4218659186363725
CTSS,-0.600880662648489
CUBN,-0.83370462769801
CUL3,-0.7241589630474792
CUL4B,-0.600880662648489
CUL9,-0.7241589630474792
CUX1,-0.7241589630474792
CUZD1,-0.35322613379276624
CX3CL1,-0.4052070102965904
CX3CR1,-0.5881860122576066
CXCL1,-0.36992885775532436
CXCL10,-0.3833093387827913
CXCL12,-0.36113690003129245
CXCL13,-0.024538863437767216
CXCL2,-0.08696862622853001
CXCL5,-0.024538863437767216
CXCL6,-0.7241589630474792
CXCL8,-0.3133368765890744
CXCL9,-0.024538863437767216
CXCR1,-0.7241589630474792
CXCR2,-0.36794646288886323
CXCR3,-0.024538863437767216
CXCR4,-0.35457881939355934
CXCR5,-0.7241589630474792
CYBA,-0.7241589630474792
CYBB,-0.3889281637920561
CYCS,-0.6096428544962943
CYCSP17,-0.7241589630474792
CYLD,-0.024538863437767216
CYP11B1,-0.7241589630474792
CYP11B2,-0.6855586583381638
CYP17A1,-0.730381798432505
CYP17A1-AS1,-0.7241589630474792
CYP19A1,-0.3034492896799361
CYP1A1,-0.39153945227280706
CYP1A2,-0.6167299954619834
CYP1B1,-0.7241589630474792
CYP27A1,-0.642991342103656
CYP2B6,-0.7155383287327071
CYP2C19,-0.533252610750681
CYP2C8,-0.5882973688399827
CYP2C9,-0.5111131029071939
CYP2D6,-0.6644328743162544
CYP2E1,-0.10845901757095847
CYP2J2,-0.7241589630474792
CYP2R1,-0.7241589630474792
CYP3A4,-0.6628991701646358
CYP3A5,-0.22128967565579802
CYP3A51P,-0.3034492896799361
CYP4A11,-0.7186984253567977
CYP4F2,-0.7186984253567977
CYP4F3,-0.730381798432505
CYP4V2,0.0563220956567818
CYP7A1,-0.3034492896799361
CYR61,-0.2585546164033702
CYTB,-0.03265635356749569
D2HGDH,-0.600880662648489
DAB2,-0.7241589630474792
DAB2IP,-0.7241589630474792
DAG1,-0.7226370087215657
DAPK1,-0.600880662648489
DBH,-0.7511245830492573
DBT,-0.35322613379276624
DCAF17,-0.3034492896799361
DCAF7,-0.43485784574513
DCC,-0.7241589630474792
DCDC5,-0.7241589630474792
DCLK2,-0.7241589630474792
DCLRE1C,-0.10169434198003294
DCN,-0.7241589630474792
DCP1B,-0.2585546164033702
DCPS,-0.600880662648489
DCR,-0.6313298223058947
DCST1,-0.7241589630474792
DCST2,-0.7241589630474792
DCSTAMP,-0.7241589630474792
DDAH1,-0.7241589630474792
DDAH2,-0.5881860122576066
DDIT3,-0.6855586583381638
DDRGK1,-0.21132595518782496
DDT,-0.2585546164033702
DDX39A,-0.7241589630474792
DDX39B,-0.7241589630474792
DDX53,-0.21132595518782496
DECR1,-0.4063111476290591
DEFA3,-0.3034492896799361
DEFB1,-0.5881860122576066
DEFB125,-0.7241589630474792
DEFB4A,-0.09951478429082447
DEFB4B,-0.09951478429082447
DERL3,-0.7241589630474792
DES,-0.7241589630474792
DGAT1,-0.3034492896799361
DGCR2,-0.7241589630474792
DGKB,-0.7241589630474792
DGKE,-0.83370462769801
DGKZ,-0.7241589630474792
DGUOK,-0.2275574013320193
DHFR,-0.07073352053724387
DHH,-0.600880662648489
DHPS,-0.024538863437767216
DIDO1,-0.7241589630474792
DIO3,-0.7241589630474792
DIP2C,-0.7241589630474792
DIS3L2,-0.2616585861011098
DISC1,-0.6434167025021932
DKC1,-0.21132595518782496
DLD,-0.2585546164033702
DLG2,-0.7241589630474792
DLG4,-0.6313298223058947
DLK1,-0.7241589630474792
DMRTA1,-0.7241589630474792
DNAH8,-0.5881860122576066
DNAI1,-0.024538863437767216
DNAJC10,-0.7241589630474792
DNAJC21,-0.21132595518782496
DNAJC6,-0.7241589630474792
DNASE1,-0.729375423268933
DNASE1L3,-0.83370462769801
DNM1P49,-0.7241589630474792
DNM2,-0.600880662648489
DNMT3B,-0.024538863437767216
DNTT,-0.7241589630474792
DOCK2,-0.7241589630474792
DOCK5,-0.7241589630474792
DOCK7,-0.3034492896799361
DOCK8,-0.024538863437767216
DOT1L,-0.7241589630474792
DPP4,-0.5965798110760819
DPP6,-0.7241589630474792
DPYD,-0.2275574013320193
DPYS,-0.7241589630474792
DRD1,-0.730381798432505
DRD2,-0.5291586506269899
DRD3,-0.5291586506269897
DRD4,-0.7511245830492573
DROSHA,-0.7241589630474792
DSCAM,-0.6313298223058947
DSP,-0.600880662648489
DST,-0.7226370087215657
DUOX1,-0.21132595518782496
DUOX2,-0.21132595518782496
DUSP1,-0.14746023616520718
DUSP10,-0.35322613379276624
DUSP3,-0.2585546164033702
DUSP6,-0.35322613379276624
DUT,-0.7241589630474792
DVL1,-0.7241589630474792
DYM,-0.5881860122576066
DYNC1I1,-0.600880662648489
DYNLRB2,-0.7241589630474792
DYRK2,-0.7241589630474792
E2F1,-0.6096428544962943
E2F4,-0.7241589630474792
EAF2,-0.7241589630474792
EARS2,-0.7241589630474792
EBF2,-0.642991342103656
EBP,-0.3857582150092278
EBPL,-0.35322613379276624
ECE1,-0.024538863437767216
ECHDC3,-0.7241589630474792
EDA,-0.2585546164033702
EDIL3,-0.6313298223058947
EDN1,-0.4779188306273248
EDN2,-0.7241589630474792
EDNRA,-0.6385590793733147
EDNRB,-0.7173284513718173
EEF1A2,-0.6434167025021932
EEF1B2P5,-0.7241589630474792
EFL1,-0.21132595518782496
EFNA2,-0.7241589630474792
EFNA5,-0.21132595518782496
EFTUD1,-0.7241589630474792
EGF,-0.34120566075069175
EGFR,-0.600880662648489
EGLN1,-0.7241589630474792
EGLN3,-0.7241589630474792
EGR1,-0.6385590793733147
EGR2,-0.600880662648489
EHHADH,-0.83370462769801
EIF2AK1,-0.7241589630474792
EIF2B5,-0.600880662648489
EIF3B,-0.2585546164033702
EIF3IP1,-0.7241589630474792
EIF4A3,-0.7241589630474792
EIF4HP1,-0.7241589630474792
ELANE,-0.37258327773635663
ELF3,-0.3034492896799361
ELK3,-0.35322613379276624
ELMO1,-0.7241589630474792
ELN,-0.3833093387827913
ELOVL1,-0.35322613379276624
ELOVL2,-0.7241589630474792
ELOVL4,-0.7241589630474792
ELOVL5,-0.7241589630474792
ELP1,-0.600880662648489
EMC8,-0.7241589630474792
EMP1,-0.4052070102965904
ENG,-0.6786250673410513
ENO1,-0.7241589630474792
ENO1P1,-0.7241589630474792
ENO2,-0.2585546164033702
ENPP1,-0.7241589630474792
ENPP6,-0.7241589630474792
ENTPD1,-0.3909856847736758
EPAS1,-0.6855586583381638
EPCAM,-0.21132595518782496
EPDR1,-0.7241589630474792
EPG5,-0.024538863437767216
EPHB2,-0.31832085832836376
EPHX1,-0.7241589630474792
EPHX2,-0.6313298223058947
EPO,-0.5058495715400899
EPOR,-0.7241589630474792
EPRS,-0.7241589630474792
EPS15P1,-0.7241589630474792
ERBB3,-0.2616585861011098
ERBB4,-0.7241589630474792
ERC2,-0.7241589630474792
ERCC1,-0.2275574013320193
ERCC3,-0.600880662648489
ERCC4,-0.2275574013320193
ERCC5,-0.2616585861011098
ERCC6,-0.36220743194818106
ERCC6L,-0.28632664574462313
ERCC6L2,-0.21132595518782496
ERCC8,-0.7871398346881058
ERGIC1,-0.7241589630474792
ERVK-11,-0.2585546164033702
ERVK-19,-0.2585546164033702
ESAM,-0.024538863437767216
ESM1,-0.2585546164033702
ESR1,-0.7186984253567977
ESR2,-0.7241589630474792
ESRRA,-0.3034492896799361
ETAA1,-0.7241589630474792
ETS1,-0.21132595518782496
ETS2,-0.024538863437767216
ETV6,-0.21132595518782496
EVA1A,-0.7241589630474792
EVA1C,-0.7241589630474792
EXT1,-0.7241589630474792
F10,-0.36203653511118505
F11,-0.34810426049898263
F11-AS1,0.0563220956567818
F13A1,-0.5627629226722479
F13B,-0.37487760392615355
F2,-0.36417379798411864
F2R,-0.3915778466304796
F2RL1,-0.3976695832296136
F2RL3,-0.3076039856010708
F3,-0.3977604114399641
F5,-0.35387836429981295
F7,-0.3461241556460589
F8,-0.3506278490565368
F9,-0.5769771755982259
FABP1,-0.6313298223058947
FABP2,-0.6428356024927557
FABP3,-0.7241589630474792
FABP4,-0.7241589630474792
FABP5,-0.024538863437767216
FADS2,-0.7241589630474792
FAIM2,-0.7241589630474792
FAM124B,-0.7241589630474792
FAM126A,-0.600880662648489
FAM151B,-0.83370462769801
FAM155A,-0.7241589630474792
FAM188B,-0.7241589630474792
FAM196B,-0.7241589630474792
FAM19A5,-0.7241589630474792
FAM83E,-0.7241589630474792
FAM84B,-0.7241589630474792
FAN1,-0.83370462769801
FANCA,-0.21132595518782496
FANCB,-0.21132595518782496
FANCC,-0.21132595518782496
FANCD2,-0.21132595518782496
FANCE,-0.21132595518782496
FANCF,-0.21132595518782496
FANCG,-0.21132595518782496
FANCI,-0.21132595518782496
FANCL,-0.21132595518782496
FANCM,-0.21132595518782496
FAP,-0.7173284513718173
FAS,-0.5337674860132627
FASLG,-0.2585546164033702
FASN,-0.2585546164033702
FASTKD2,-0.83370462769801
FBL,-0.2275574013320193
FBLN5,-0.600880662648489
FBN1,-0.5551471648410594
FBN2,-0.7241589630474792
FBXL18,-0.7241589630474792
FBXL21,-0.7241589630474792
FBXO15,-0.3976695832296136
FBXO3,-0.2585546164033702
FBXO32,-0.2585546164033702
FCAR,-0.5881860122576066
FCER1G,-0.21132595518782496
FCGR1A,-0.09951478429082447
FCGR2A,-0.11992475993075313
FCGR2B,-0.024538863437767216
FCGR2C,-0.07073352053724387
FCGR3A,-0.37258327773635663
FCGR3B,-0.37258327773635663
FCGRT,-0.21132595518782496
FCN1,-0.5881860122576066
FCN2,-0.5881860122576066
FCN3,-0.7241589630474792
FDX1,-0.6385590793733147
FECH,-0.2616585861011098
FEM1A,-0.7241589630474792
FER,-0.37390004918357217
FERD3L,-0.7241589630474792
FERMT3,-0.37506576263153263
FES,-0.7241589630474792
FEV,-0.024538863437767216
FGA,-0.5245209939963122
FGB,-0.5415725799746656
FGF1,-0.6855586583381638
FGF10,0.34378280057691296
FGF2,-0.5083808614700713
FGF20,-0.7241589630474792
FGF21,-0.33123171430105064
FGF4,-0.21132595518782496
FGF7,-0.009402356697437893
FGFR1,-0.21132595518782496
FGFR2,-0.15956775031506082
FGFR3,-0.7241589630474792
FGG,-0.38645011650087996
FH,-0.36364409863634106
FHIT,-0.6385590793733147
FHL3,-0.21132595518782496
FHOD3,-0.7241589630474792
FICD,-0.7241589630474792
FIG4,-0.600880662648489
FIGN,-0.7241589630474792
FILIP1L,-0.7241589630474792
FIS1,-0.7241589630474792
FLI1,-0.21132595518782496
FLII,-0.21132595518782496
FLJ20021,-0.7241589630474792
FLJ42102,-0.7241589630474792
FLJ45079,-0.7241589630474792
FLNA,-0.21132595518782496
FLNB,-0.7241589630474792
FLNC,-0.600880662648489
FLOT2,-0.21132595518782496
FLRT2,-0.7241589630474792
FLT1,-0.7241589630474792
FN1,-0.4675822750683107
FNBP4,0.0563220956567818
FOLH1,-0.7241589630474792
FOLR1,-0.600880662648489
FOS,-0.14922884204218986
FOSB,-0.12413585086559624
FOSL1,-0.024538863437767216
FOXD3,-0.5881860122576066
FOXF1,-0.024538863437767216
FOXL1,-0.7241589630474792
FOXM1,-0.024538863437767216
FOXN3,-0.7241589630474792
FOXO1,-0.7241589630474792
FOXO3,-0.3976695832296136
FOXO4,-0.5744437720746824
FOXP3,-0.11992475993075313
FPR2,-0.2585546164033702
FREM1,-0.7241589630474792
FRMD3,-0.7241589630474792
FSD1,-0.6434167025021932
FSD1L,-0.6434167025021932
FST,-0.37258327773635663
FSTL1,-0.7241589630474792
FSTL4,-0.7241589630474792
FTO,-0.7051228396644484
FUCA1,-0.600880662648489
FUNDC2,0.0563220956567818
FURIN,0.0563220956567818
FUT1,-0.2585546164033702
FUZ,-0.7511245830492573
FXN,-0.39901535196748694
FYB1,-0.21132595518782496
FZD2,-0.7241589630474792
G6PC,-0.3006852576346447
G6PC3,-0.2391571305469855
G6PD,-0.5900141398020256
GAA,-0.7241589630474792
GABPA,-0.3794648347727805
GADD45G,-0.7241589630474792
GAK,-0.2585546164033702
GAL,-0.33173337971343553
GALC,-0.7241589630474792
GALNS,-0.2585546164033702
GALNT2,-0.3034492896799361
GALNTL6,-0.7241589630474792
GALR1,-0.7241589630474792
GAN,-0.600880662648489
GAPDH,-0.5881860122576066
GAPDHP21,-0.7241589630474792
GAPDHP30,-0.7241589630474792
GARS,-0.7226370087215657
GAS6,-0.21132595518782496
GAS7,-0.83370462769801
GAST,-0.19475635826151222
GATA1,-0.21132595518782496
GATA2,-0.21132595518782496
GATA3,-0.024538863437767216
GATA4,-0.7241589630474792
GATSL3,-0.7241589630474792
GBA,-0.21132595518782496
GBE1,-0.6392099142205949
GBP4,-0.7241589630474792
GBP5,-0.7241589630474792
GCG,-0.3660805758894655
GCH1,-0.7511245830492573
GCK,-0.7226370087215657
GCKR,-0.7241589630474792
GCLC,-0.39901535196748694
GCLM,-0.3976695832296136
GDAP1,-0.600880662648489
GDE1,-0.5881860122576066
GDF1,-0.3976695832296136
GDF15,-0.3976695832296136
GDNF,-0.6262549623629937
GEM,-0.2585546164033702
GFAP,-0.7173284513718173
GFER,-0.600880662648489
GFI1B,-0.21132595518782496
GFPT1,-0.3034492896799361
GFPT2,-0.7241589630474792
GFRA1,-0.7451148262332268
GFRA2,-0.7511245830492573
GGCX,-0.7241589630474792
GGT1,-0.629560488677263
GGT2,-0.6434167025021932
GGTLC3,-0.3034492896799361
GGTLC4P,-0.3034492896799361
GGTLC5P,-0.3034492896799361
GH1,-0.5472011809774874
GHRH,-0.6855586583381638
GHRL,-0.5336035926995595
GHS,-0.7241589630474792
GHSR,-0.7241589630474792
GIP,-0.7241589630474792
GIT2,-0.2585546164033702
GJA1,-0.7241589630474792
GJA4,-0.5881860122576066
GJB1,-0.600880662648489
GJB2,-0.7226370087215657
GJB3,-0.600880662648489
GJB6,-0.7226370087215657
GJE1,-0.600880662648489
GLA,-0.6503264684726697
GLB1,-0.3034492896799361
GLE1,-0.2616585861011098
GLI1,-0.600880662648489
GLI2,-0.7511245830492573
GLI3,-0.7241589630474792
GLT1D1,-0.7241589630474792
GLULP5,-0.7241589630474792
GNAI2P2,-0.7241589630474792
GNAL,-0.7511245830492573
GNAS-AS1,-0.7241589630474792
GNB3,-0.7241589630474792
GNE,-0.21132595518782496
GNPATP,-0.7241589630474792
GOLGA4,-0.7241589630474792
GOLT1A,-0.6313298223058947
GOLT1B,-0.6313298223058947
GORASP1,-0.24056166142850433
GOT1,-0.6313298223058947
GP1BA,-0.6096428544962943
GP1BB,-0.21132595518782496
GP6,-0.6096428544962943
GP9,-0.21132595518782496
GPER1,-0.7241589630474792
GPIHBP1,-0.35322613379276624
GPNMB,-0.6313298223058947
GPR12,-0.7241589630474792
GPR160,-0.7241589630474792
GPR162,-0.7241589630474792
GPR17,-0.7241589630474792
GPR65,-0.7241589630474792
GPRC5A,-0.024538863437767216
GPRIN3,-0.7241589630474792
GPT,-0.33357561577737815
GPX1,-0.7226370087215657
GRAP2,-0.09951478429082447
GREB1,-0.3034492896799361
GRIK2,-0.3794648347727804
GRIN2A,-0.7241589630474792
GRIN2B,-0.7511245830492573
GRIP1,-0.7241589630474792
GRK2,-0.7241589630474792
GRK4,-0.7241589630474792
GRK5,-0.2585546164033702
GRM8,-0.7241589630474792
GRN,-0.22813824314324604
GRP,-0.2391571305469855
GRPR,-0.2585546164033702
GSC,-0.21132595518782496
GSK3B,-0.7241589630474792
GSN,-0.5882973688399827
GSR,-0.5433196483582406
GSTM1,-0.39153945227280706
GSTM2,-0.7241589630474792
GSTP1,-0.39273568776066814
GSTT1,-0.39273568776066814
GTF2I,-0.3035302029671116
GTF2IRD1,-0.3035302029671116
GTF3AP5,-0.7241589630474792
GUCY1A1,-0.7241589630474792
GUCY1A2,-0.7241589630474792
GUCY1A3,-0.7241589630474792
GUSB,-0.83370462769801
GYS1,-0.7241589630474792
GZMA,-0.024538863437767216
GZMB,-0.09951478429082447
GZMK,-0.2585546164033702
GZMM,-0.2585546164033702
H2AFX,-0.6313298223058947
HABP2,0.0563220956567818
HADH,-0.7278637202028101
HADHA,-0.600880662648489
HADHB,-0.600880662648489
HAMP,-0.7051228396644484
HAPLN1,-0.7241589630474792
HARS,-0.600880662648489
HARS2,-0.600880662648489
HAVCR1,-0.06827755339778033
HBA1,-0.6313298223058947
HBB,-0.2585546164033702
HBEGF,-0.7186984253567977
HCCS,-0.024538863437767216
HDAC4,-0.7241589630474792
HDAC6,-0.600880662648489
HDAC9,-0.2275574013320193
HDL3,-0.3034492896799361
HELZ2,-0.3034492896799361
HFE,-0.642991342103656
HGF,-0.34694444549313985
HHIPL1,-0.7241589630474792
HIC1,-0.7241589630474792
HIF1A,-0.3348809315067321
HK1,0.10761693477056244
HLA-A,-0.21132595518782496
HLA-B,-0.5965798110760819
HLA-C,-0.7241589630474792
HLA-DPA1,-0.21132595518782496
HLA-DPB1,-0.06499861526476554
HLA-DPB2,-0.7241589630474792
HLA-DQA1,-0.4218659186363725
HLA-DQA2,-0.35322613379276624
HLA-DQB1,-0.35322613379276624
HLA-DRB1,-0.1519872986097695
HLA-DRB3,-0.21132595518782496
HLCS,-0.21132595518782496
HMBS,-0.600880662648489
HMCN2,-0.7241589630474792
HMGA1,-0.2585546164033702
HMGB1,-0.3794648347727804
HMGB1P1,-0.7241589630474792
HMGB1P5,-0.7241589630474792
HMGB2,-0.7241589630474792
HMGB3P23,-0.7241589630474792
HMGB3P25,-0.7241589630474792
HMGCR,-0.6434167025021932
HMGN1P19,-0.7241589630474792
HMGN2P7,-0.7241589630474792
HMOX1,-0.3849612715699128
HNF1A,-0.7241589630474792
HNF1B,-0.83370462769801
HNF4A,-0.83370462769801
HNMT,-0.11378164600453868
HNRNPA1P20,-0.7241589630474792
HNRNPA1P74,-0.83370462769801
HNRNPA3P8,-0.7241589630474792
HNRNPUL1,-0.7241589630474792
HP,-0.35556494734001176
HPGDS,-0.3831313011941915
HPRT1,-0.5881860122576066
HPRT1P2,-0.7241589630474792
HPS5,-0.21132595518782496
HPSE,-0.533288106180154
HPSE2,-0.729375423268933
HRG,-0.5881860122576066
HRH1,-0.2585546164033702
HRH3,-0.11378164600453868
HS3ST4,-0.7241589630474792
HSBP1P2,-0.7241589630474792
HSD11B1,-0.3034492896799361
HSD11B2,-0.7241589630474792
HSD17B12,-0.7241589630474792
HSD17B14,-0.7241589630474792
HSF1,-0.35322613379276624
HSH2D,-0.2585546164033702
HSP90AA4P,-0.7241589630474792
HSP90AB1,-0.35322613379276624
HSP90AB2P,-0.7241589630474792
HSP90B2P,-0.2585546164033702
HSPA12B,-0.3076039856010708
HSPA14,-0.09951478429082447
HSPA1A,-0.120788709426165
HSPA1B,-0.13486663397171283
HSPA2,-0.35322613379276624
HSPA4,-0.3794648347727805
HSPA5,-0.3976695832296136
HSPA8P12,-0.7241589630474792
HSPA8P5,-0.7241589630474792
HSPB1,-0.7173284513718173
HSPB2,-0.7173284513718173
HSPB3,-0.5901054551200631
HSPB8,-0.600880662648489
HSPD1,-0.37258327773635663
HSPE1,-0.2585546164033702
HSPG2,-0.5533145697000225
HTC2,-0.21132595518782496
HTR1A,-0.044869343523860294
HTR1B,-0.7241589630474792
HTR1D,-0.7241589630474792
HTR1E,-0.7241589630474792
HTR2A,-0.6596651113125539
HTR2C,-0.7511245830492573
HTRA2,-0.6313298223058947
IAPP,-0.11378164600453868
IARS2,-0.600880662648489
ICAM1,-0.3859562918052979
ICOS,-0.03265635356749569
ICOSLG,-0.024538863437767216
ID2,-0.3870767691618983
IDH1,-0.600880662648489
IDH2,-0.600880662648489
IDUA,-0.11378164600453868
IER3,-0.35322613379276624
IFI27,-0.2585546164033702
IFIT1,-0.7241589630474792
IFN1@,-0.2585546164033702
IFNA1,-0.12868072325632537
IFNA13,-0.12868072325632537
IFNA2,-0.5244523261355112
IFNAR1,-0.2837856208584333
IFNG,-0.3700675246906486
IFNGR2,-0.7241589630474792
IFNL3,-0.21132595518782496
IFT172,-0.35322613379276624
IFT74,-0.7241589630474792
IGF1,-0.38264389243941593
IGF1R,-0.7226370087215657
IGF2,-0.7241589630474792
IGF2BP1,-0.7241589630474792
IGF2R,-0.7241589630474792
IGHG3,-0.21132595518782496
IKBKAP,-0.7241589630474792
IKBKB,-0.024538863437767216
IL10,-0.33547832954335227
IL11,-0.47146025478386594
IL12B,-0.7241589630474792
IL12RB1,-0.2585546164033702
IL13,-0.10845901757095847
IL15,-0.10845901757095847
IL16,-0.06499159402897571
IL17A,-0.31116672228242015
IL17C,-0.6313298223058947
IL17D,-0.14746023616520718
IL18,-0.3764944157939109
IL19,-0.2585546164033702
IL1A,-0.3792008904443056
IL1B,-0.33221730681756856
IL1R1,-0.024538863437767216
IL1R2,-0.022292725685140853
IL1RAP,-0.7241589630474792
IL1RL1,-0.2585546164033702
IL1RN,-0.3353682087966608
IL2,-0.3247880661642573
IL21,-0.06499159402897571
IL21R,-0.024538863437767216
IL22,-0.16578862957962714
IL23A,-0.09951478429082447
IL23R,-0.7241589630474792
IL25,-0.024538863437767216
IL27,-0.09951478429082447
IL2RA,-0.1503732417092145
IL2RB,-0.024538863437767216
IL2RG,-0.07304062489163274
IL3,-0.36113690003129245
IL33,-0.09951478429082447
IL4,-0.3794648347727805
IL4R,-0.7241589630474792
IL5,-0.024538863437767216
IL5RA,-0.024538863437767216
IL6,-0.33091011352595645
IL6R,-0.6420470310171515
IL6RP1,-0.7241589630474792
IL6ST,-0.3976695832296136
IL7,-0.12363534984937931
IL7R,-0.07304062489163274
IL9,-0.3976695832296136
ILF2P2,-0.7241589630474792
ILF3,-0.7241589630474792
IMMT,-0.600880662648489
IMPAD1,-0.7241589630474792
IMPG1,-0.7241589630474792
INADL,-0.7241589630474792
INF2,-0.5708224385076979
INHBA,-0.7241589630474792
INHBE,-0.7241589630474792
INMT-FAM188B,-0.7241589630474792
INPP5F,-0.3034492896799361
INPPL1,-0.2616585861011098
INS,-0.5561449244604867
INSIG2,-0.7241589630474792
INSR,-0.7871398346881058
IP6K3,-0.7241589630474792
IPMK,-0.7241589630474792
IPO7,-0.7241589630474792
IRAK1,-0.5900141398020256
IRAK1BP1,-0.7241589630474792
IRAK3,-0.09951478429082447
IRAK4,-0.09951478429082447
IRF2,-0.6385590793733147
IRF3,-0.024538863437767216
IRF5,-0.7241589630474792
IRF6,-0.3870767691618984
IRF7,-0.07073352053724387
IRGM,-0.2585546164033702
IRS1,-0.3034492896799361
IRX1,-0.7241589630474792
ISCA1P3,-0.7241589630474792
ISG20,-0.08696862622853001
ISM1-AS1,-0.7241589630474792
ISX,-0.7241589630474792
ISYNA1,-0.3076039856010708
ITCH,-0.024538863437767216
ITGA1,-0.7241589630474792
ITGA2,-0.6096428544962943
ITGA2B,-0.6096428544962943
ITGA3,-0.5965798110760819
ITGA4,-0.024538863437767216
ITGA5,-0.024538863437767216
ITGA6,-0.7241589630474792
ITGA8,-0.83370462769801
ITGA9,-0.2585546164033702
ITGA9-AS1,-0.2585546164033702
ITGAE,-0.024538863437767216
ITGAL,-0.3076039856010708
ITGAM,-0.5470251576360288
ITGAV,-0.024538863437767216
ITGAX,-0.024538863437767216
ITGB1,-0.5881860122576066
ITGB2,-0.15725297974867522
ITGB3,-0.574199649345155
ITGB6,0.34378280057691296
ITIH3,-0.7241589630474792
ITIH5,-0.7241589630474792
ITK,-0.21132595518782496
ITPA,-0.21132595518782496
ITPK1,-0.7241589630474792
IVD,-0.6096428544962943
JAK1,-0.21132595518782496
JAK2,-0.5969578078267118
JAK3,-0.024538863437767216
JAKMIP3,-0.7241589630474792
JAM3,-0.024538863437767216
JCAD,-0.7241589630474792
JKAMPP1,-0.7241589630474792
JPH3,-0.6434167025021932
JRKL-AS1,-0.7241589630474792
JTB,-0.7241589630474792
JUN,-0.12850965647828333
JUNB,-0.12413585086559624
JUND,-0.12413585086559624
KANK2,-0.7241589630474792
KARS,-0.600880662648489
KAT5,-0.3076039856010708
KAT8,-0.2585546164033702
KATNBL1P4,-0.7241589630474792
KBTBD4,0.0563220956567818
KCCAT333,-0.7241589630474792
KCNA3,-0.7241589630474792
KCNE2,-0.7241589630474792
KCNE5,-0.83370462769801
KCNIP1,-0.7241589630474792
KCNIP4,-0.7241589630474792
KCNJ11,-0.7226370087215657
KCNJ13,-0.6313298223058947
KCNJ2,-0.7241589630474792
KCNJ8,-0.2585546164033702
KCNK10,-0.7241589630474792
KCNK12,-0.7241589630474792
KCNK2,-0.7241589630474792
KCNK3,-0.6313298223058947
KCNK5,-0.7241589630474792
KCNMA1,-0.7241589630474792
KCNQ1,-0.7241589630474792
KCNQ1OT1,-0.7241589630474792
KCTD8,-0.7241589630474792
KDELC1P1,-0.7241589630474792
KDR,-0.43485784574513
KDSR,-0.21132595518782496
KEAP1,-0.2585546164033702
KIAA0922,-0.7241589630474792
KIAA1147,-0.6313298223058947
KIAA1462,-0.7241589630474792
KIDINS220,-0.37175773397701084
KIF1A,-0.600880662648489
KIF1B,-0.7871398346881058
KIF28P,-0.7241589630474792
KIF2C,-0.7241589630474792
KIF5A,-0.600880662648489
KIF6,-0.7241589630474792
KIR3DL1,-0.2585546164033702
KIT,-0.7241589630474792
KL,-0.32895191930400564
KLF2,-0.37258327773635663
KLF4,-0.3831313011941915
KLF7,-0.35322613379276624
KLHL29,-0.7241589630474792
KLK1,-0.5336035926995595
KLK4,-0.7186984253567977
KLKB1,-0.22986051792532064
KLRC4-KLRK1,-0.3034492896799361
KLRK1,-0.3034492896799361
KMT2A,-0.7241589630474792
KMT2D,-0.600880662648489
KNG1,-0.5343024792753079
KNOP1P5,-0.7241589630474792
KRAS,-0.35322613379276624
KRIT1,-0.044869343523860294
KRT16,-0.7241589630474792
KRT18P32,-0.7241589630474792
KRT2,-0.23342320778390124
KRT20,-0.21132595518782496
KRT8,-0.6385590793733147
KRT8P21,-0.7241589630474792
LAGE3,-0.83370462769801
LAMA2,-0.600880662648489
LAMA3,-0.7241589630474792
LAMA4,-0.7241589630474792
LAMB2,-0.3656669573005462
LAMC2,-0.35457881939355934
LAMP1,-0.2585546164033702
LAMP2,-0.6385590793733147
LARGE-AS1,-0.7241589630474792
LARGE2,-0.7241589630474792
LARP1BP2,-0.09951478429082447
LARS2,-0.21132595518782496
LAYN,-0.7241589630474792
LBP,-0.5881860122576066
LCAT,-0.6499048256485059
LCLAT1,-0.024538863437767216
LCN2,-0.3703389711921722
LCP1,-0.7241589630474792
LCT,-0.3976695832296136
LDB2,-0.7241589630474792
LDB3,-0.600880662648489
LDHA,-0.7241589630474792
LDHBP3,-0.7241589630474792
LDLR,-0.5476047861028334
LDLRAD3,-0.7241589630474792
LDLRAP1,-0.6434167025021932
LEP,-0.2742302581430796
LEPR,-0.37399536650504717
LGALS1,-0.19475635826151222
LGALS2,-0.7186984253567977
LGALS8,-0.7241589630474792
LGALS9,-0.024538863437767216
LGSN,-0.7241589630474792
LHFPL2,-0.7241589630474792
LIF,-0.6420470310171515
LIFR,-0.7241589630474792
LIG4,-0.07304062489163274
LILRB1,-0.7241589630474792
LIM2,-0.2585546164033702
LIMK1,-0.721274180257946
LIN28AP1,-0.7241589630474792
LINC00210,-0.7241589630474792
LINC00244,-0.7241589630474792
LINC00290,-0.7241589630474792
LINC00305,-0.7241589630474792
LINC00310,-0.7241589630474792
LINC00347,-0.7241589630474792
LINC00381,-0.7241589630474792
LINC00470,-0.7241589630474792
LINC00473,-0.7241589630474792
LINC00476,-0.7241589630474792
LINC00525,-0.7241589630474792
LINC00547,-0.7241589630474792
LINC00587,-0.7241589630474792
LINC00607,-0.7241589630474792
LINC00648,-0.7241589630474792
LINC00675,-0.7241589630474792
LINC00678,-0.7241589630474792
LINC00693,-0.7241589630474792
LINC00707,-0.7241589630474792
LINC00841,-0.7241589630474792
LINC00856,-0.7241589630474792
LINC00861,-0.7241589630474792
LINC00887,-0.2585546164033702
LINC00907,-0.7241589630474792
LINC00922,-0.7241589630474792
LINC00923,-0.7241589630474792
LINC00970,0.0563220956567818
LINC01020,-0.7241589630474792
LINC01029,-0.7241589630474792
LINC01125,-0.7241589630474792
LINC01163,-0.7241589630474792
LINC01197,-0.7241589630474792
LINC01233,-0.7241589630474792
LINC01248,-0.83370462769801
LINC01249,-0.83370462769801
LINC01254,-0.7241589630474792
LINC01255,-0.7241589630474792
LINC01412,-0.7241589630474792
LINC01479,-0.7241589630474792
LINC01492,-0.7241589630474792
LINC01550,-0.7241589630474792
LINC01559,-0.7241589630474792
LINGO2,-0.7241589630474792
LIPA,-0.6434167025021932
LIPC,-0.6434167025021932
LIPG,-0.7051228396644484
LIPT1,-0.2585546164033702
LITAF,-0.600880662648489
LMBRD1,-0.21132595518782496
LMF1,-0.35322613379276624
LMNA,-0.642991342103656
LMO1,-0.7186984253567977
LMO3,-0.044869343523860294
LMX1B,-0.39566760933525336
LNCR1,-0.2585546164033702
LNX2,-0.7241589630474792
LOC100129461,-0.7241589630474792
LOC100505666,-0.7241589630474792
LOC100505909,-0.2585546164033702
LOC101927286,-0.7241589630474792
LOC101927502,-0.7241589630474792
LOC101927901,-0.7241589630474792
LOC101928077,-0.7241589630474792
LOC101928700,-0.7241589630474792
LOC101928919,-0.7241589630474792
LOC101928923,-0.35322613379276624
LOC101929279,-0.35322613379276624
LOC101929846,-0.7241589630474792
LOC102723576,-0.7241589630474792
LOC102723989,-0.7241589630474792
LOC102723996,-0.024538863437767216
LOC102724096,-0.7241589630474792
LOC102724433,-0.7241589630474792
LOC388882,-0.7241589630474792
LOC392232,-0.7241589630474792
LOC400997,-0.7241589630474792
LOC401478,-0.7241589630474792
LOC643339,-0.7241589630474792
LOC643542,-0.7241589630474792
LOC646762,-0.7241589630474792
LOC728755,-0.7241589630474792
LOC90768,-0.7241589630474792
LPA,-0.38189081752659215
LPAL2,-0.3034492896799361
LPAR1,-0.024538863437767216
LPAR2,-0.024538863437767216
LPCAT1,-0.7241589630474792
LPIN2,-0.2616585861011098
LPL,-0.37048637511786975
LPP,-0.37258327773635663
LRBA,-0.07073352053724387
LRIG1,-0.600880662648489
LRMP,-0.7241589630474792
LRP1,-0.3660805758894655
LRP12,-0.3976695832296136
LRP2,-0.7871398346881058
LRP5,-0.7241589630474792
LRP8,-0.7241589630474792
LRPAP1,-0.7241589630474792
LRPPRC,-0.3976695832296136
LRRFIP1,-0.7241589630474792
LRRIQ3,-0.7241589630474792
LRTM1,-0.7241589630474792
LSM11,-0.7241589630474792
LSP1,-0.024538863437767216
LTA,-0.5499936317441226
LTA4H,-0.7241589630474792
LTB,-0.35457881939355934
LTB4R,-0.09951478429082447
LTBP2,-0.7241589630474792
LTBR,-0.2391571305469855
LTC4S,-0.7226370087215657
LUZP1,-0.7241589630474792
LUZP2,-0.7241589630474792
LY6E,-0.600880662648489
LY96,-0.08696862622853001
LYPLA1P2,-0.7241589630474792
LYRM4,-0.7241589630474792
LYST,-0.24217219480448662
LYZ,-0.5929167488291665
LYZL6,-0.7241589630474792
LZTR1,-0.7241589630474792
MAB21L3,-0.7241589630474792
MACROD2,-0.7241589630474792
MAD1L1,-0.7241589630474792
MAD2L1,-0.21132595518782496
MAD2L2,-0.21132595518782496
MAF,-0.729375423268933
MAFB,-0.83370462769801
MAG,-0.31832085832836376
MAGEE1,-0.3034492896799361
MALAT1,-0.7241589630474792
MAML2,-0.7241589630474792
MAP1LC3A,-0.7241589630474792
MAP1LC3B,-0.2585546164033702
MAP2,-0.5465553165180809
MAP2K3,-0.2585546164033702
MAP2K6,-0.6392099142205949
MAP2K7,-0.7186984253567977
MAP3K11,-0.6313298223058947
MAP3K5,-0.7186984253567977
MAP3K7,-0.7241589630474792
MAP3K8,-0.2585546164033702
MAP4,-0.600880662648489
MAPK1,-0.3735856062685097
MAPK14,-0.12413585086559624
MAPK3,-0.37258327773635663
MAPK8,-0.3976695832296136
MAPKAP1,-0.5881860122576066
MAPRE1P1,-0.7241589630474792
MAPRE2,-0.2616585861011098
MAPT,-0.7241589630474792
MARCH1,-0.7241589630474792
MARCH10,-0.7241589630474792
MARCO,-0.2585546164033702
MARK2,-0.6855586583381638
MARK2P13,-0.7241589630474792
MARK2P7,-0.7241589630474792
MASP2,-0.09951478429082447
MASTL,-0.21132595518782496
MAT1A,-0.2585546164033702
MAT2A,-0.7241589630474792
MAT2B,-0.7241589630474792
MAX,-0.83370462769801
MB,-0.36171653814298294
MBL2,-0.3613482787299897
MBL3P,-0.09951478429082447
MBNL1,-0.7241589630474792
MBOAT1,-0.7241589630474792
MBP,-0.7186984253567977
MCAM,-0.024538863437767216
MCCC2,-0.7241589630474792
MCL1,-0.09951478429082447
MCTP1,-0.7241589630474792
MDH2,-0.729375423268933
MDK,-0.7186984253567977
MDM2,-0.6385590793733147
MECOM,-0.21132595518782496
MED25,-0.600880662648489
MED30,-0.7241589630474792
MEF2A,-0.7241589630474792
MEF2C,-0.7241589630474792
MEFV,-0.3824468360243064
MEGF11,-0.7241589630474792
MEI4,-0.7241589630474792
MERTK,-0.7241589630474792
MESDC1,-0.7241589630474792
MESDC2,-0.7241589630474792
MESTP4,-0.7241589630474792
MET,-0.5336035926995595
METTL24,-0.7241589630474792
MEX3C,-0.7241589630474792
MFF,-0.600880662648489
MFGE8,-0.2585546164033702
MFN2,-0.7226370087215657
MGAT5,-0.83370462769801
MGC12916,-0.2585546164033702
MGMT,-0.6096428544962943
MGP,-0.7241589630474792
MIA,-0.7241589630474792
MIA3,-0.7241589630474792
MIAT,-0.7241589630474792
MICA,-0.7241589630474792
MICAL2,-0.7241589630474792
MICE,-0.024538863437767216
MICU1,-0.2585546164033702
MIF,-0.3703389711921722
MIF-AS1,-0.2585546164033702
MIP,-0.3976695832296136
MIPEPP2,-0.7241589630474792
MIR100,-0.6385590793733147
MIR103B1,-0.7241589630474792
MIR106B,-0.7241589630474792
MIR107,-0.3034492896799361
MIR122,-0.5881860122576066
MIR126,-0.6434167025021932
MIR1269A,-0.7241589630474792
MIR127,-0.024538863437767216
MIR1302-7,-0.7241589630474792
MIR130A,-0.4011750456053746
MIR130B,-0.35322613379276624
MIR135A2,-0.7241589630474792
MIR141,-0.35322613379276624
MIR142,-0.21132595518782496
MIR143,-0.3034492896799361
MIR146A,-0.2585546164033702
MIR147A,-0.7241589630474792
MIR148A,-0.35322613379276624
MIR150,-0.5470251576360288
MIR151A,-0.7241589630474792
MIR155,-0.5470251576360288
MIR15A,-0.29841630793574747
MIR15B,-0.7241589630474792
MIR17,-0.7241589630474792
MIR17HG,-0.7241589630474792
MIR181C,-0.35322613379276624
MIR181D,-0.35322613379276624
MIR182,-0.35322613379276624
MIR183,-0.35322613379276624
MIR192,-0.35322613379276624
MIR193B,-0.2585546164033702
MIR195,-0.6313298223058947
MIR197,-0.7241589630474792
MIR200A,-0.35322613379276624
MIR200B,-0.35322613379276624
MIR200C,-0.35322613379276624
MIR2052HG,-0.7241589630474792
MIR208A,-0.7241589630474792
MIR20B,-0.35322613379276624
MIR21,-0.5208983367179143
MIR210,-0.5885338271115077
MIR214,-0.35322613379276624
MIR215,-0.35322613379276624
MIR216A,-0.29841630793574747
MIR216B,-0.35322613379276624
MIR217,-0.35322613379276624
MIR22,-0.5470251576360288
MIR223,-0.5881860122576066
MIR23A,-0.7241589630474792
MIR24-1,-0.3034492896799361
MIR27A,-0.35322613379276624
MIR27B,-0.33123171430105064
MIR297,-0.7241589630474792
MIR29A,-0.33123171430105064
MIR29B1,-0.6313298223058947
MIR29B2,-0.6313298223058947
MIR29C,-0.10845901757095847
MIR30A,-0.35322613379276624
MIR30B,-0.6385590793733147
MIR30C1,-0.3034492896799361
MIR30C2,-0.3034492896799361
MIR31,-0.6385590793733147
MIR3122,-0.7241589630474792
MIR3201,-0.7241589630474792
MIR320A,-0.6313298223058947
MIR325,-0.7241589630474792
MIR335,-0.35322613379276624
MIR33A,-0.3034492896799361
MIR34A,-0.7241589630474792
MIR34C,-0.7241589630474792
MIR3607,-0.7241589630474792
MIR361,-0.35322613379276624
MIR3664,-0.7241589630474792
MIR375,-0.35322613379276624
MIR376C,-0.35322613379276624
MIR379,-0.35322613379276624
MIR424,-0.6313298223058947
MIR4272,-0.7241589630474792
MIR429,-0.35322613379276624
MIR4458,-0.7241589630474792
MIR4472-1,-0.7241589630474792
MIR4493,-0.83370462769801
MIR4495,-0.7241589630474792
MIR4643,-0.7241589630474792
MIR4652,-0.7241589630474792
MIR4693,-0.7241589630474792
MIR4772,-0.2585546164033702
MIR483,-0.24056166142850433
MIR491,-0.6313298223058947
MIR499A,-0.7241589630474792
MIR5011,-0.7241589630474792
MIR532,-0.35322613379276624
MIR548AB,-0.7241589630474792
MIR548AD,-0.7241589630474792
MIR548AG1,-0.7241589630474792
MIR548AG2,-0.7241589630474792
MIR548AV,-0.7241589630474792
MIR548B,-0.35322613379276624
MIR548F1,-0.7241589630474792
MIR548G,-0.7241589630474792
MIR549A,-0.7241589630474792
MIR5681B,-0.7241589630474792
MIR573,-0.7241589630474792
MIR608,-0.5881860122576066
MIR6082,-0.7241589630474792
MIR609,-0.35322613379276624
MIR6851,-0.7241589630474792
MIR7-3,-0.7241589630474792
MIR8058,-0.7241589630474792
MIR8081,-0.7241589630474792
MIR93,-0.7241589630474792
MIR99AHG,-0.7241589630474792
MIRLET7C,-0.35322613379276624
MKI67,-0.600880662648489
MKKS,-0.2616585861011098
MLX,-0.7241589630474792
MMAA,-0.21132595518782496
MMAB,-0.21132595518782496
MMACHC,-0.3035302029671116
MME,-0.3035302029671116
MMP1,-0.33730964528855284
MMP12,-0.3976695832296136
MMP13,-0.3403878594347907
MMP14,-0.6434167025021932
MMP16,-0.2585546164033702
MMP2,-0.4895637836609665
MMP3,-0.3384606104298626
MMP7,-0.22871500014288793
MMP8,-0.09951478429082447
MMP9,-0.34006717370904466
MMRN1,-0.6096428544962943
MMS19,-0.21132595518782496
MMS22L,-0.7241589630474792
MN1,-0.7241589630474792
MOK,-0.37258327773635663
MORC4,-0.35322613379276624
MORF4L1,-0.024538863437767216
MPHOSPH6,-0.2585546164033702
MPI,-0.21132595518782496
MPIG6B,-0.21132595518782496
MPL,-0.5851652449104061
MPO,-0.36013723159547095
MPPED2,-0.7241589630474792
MPST,-0.27495843933134617
MPV17,-0.83370462769801
MPZ,-0.5882973688399827
MPZL2,-0.7241589630474792
MRAS,-0.7241589630474792
MRC1,-0.024538863437767216
MREG,-0.7241589630474792
MRPL11P3,-0.7241589630474792
MRPL35P1,-0.7241589630474792
MRPL49P2,-0.7241589630474792
MRPS11P1,-0.7241589630474792
MRPS16,-0.2616585861011098
MRPS22,-0.2616585861011098
MRPS36P3,-0.7241589630474792
MS4A1,-0.07073352053724387
MS4A2,-0.024538863437767216
MSC,-0.6313298223058947
MSN,-0.5881860122576066
MSNP1,-0.7241589630474792
MSRA,-0.7241589630474792
MST1,-0.7241589630474792
MT1E,-0.024538863437767216
MT1HL1,-0.7241589630474792
MTAP,-0.35322613379276624
MTCO3P1,-0.35322613379276624
MTHFD1,-0.6096428544962943
MTHFD1L,-0.7241589630474792
MTHFR,-0.598541437801646
MTHFS,-0.7241589630474792
MTL5,-0.7241589630474792
MTM1,-0.600880662648489
MTMR2,-0.600880662648489
MTMR7,-0.7241589630474792
MTND1P36,-0.7241589630474792
MTND2P7,-0.7241589630474792
MTND3P4,-0.7241589630474792
MTNR1A,-0.7511245830492573
MTNR1B,-0.5291586506269897
MTOR,-0.35457881939355934
MTR,-0.7051228396644484
MTRNR2L5,-0.7241589630474792
MTRR,0.0563220956567818
MTTP,-0.5472011809774874
MTURN,-0.7241589630474792
MTUS1,-0.7241589630474792
MUC16,-0.4218659186363725
MUC2,-0.3976695832296136
MUC22,-0.7241589630474792
MUC4,-0.21132595518782496
MUC5AC,-0.036815099343747194
MUC5B,0.34378280057691296
MUC6,-0.11378164600453868
MUL1,-0.2585546164033702
MUM1L1,-0.35322613379276624
MUSK,-0.7241589630474792
MUT,-0.2837856208584333
MVB12B,-0.7241589630474792
MVK,-0.23342320778390122
MVP,-0.6434167025021932
MXI1,-0.21132595518782496
MYBPC3,0.0563220956567818
MYD88,-0.1510025832471078
MYDGF,-0.37258327773635663
MYEF2,-0.7241589630474792
MYH10,-0.21132595518782496
MYH14,-0.600880662648489
MYH2,-0.21132595518782496
MYH6,-0.7241589630474792
MYH7,-0.7241589630474792
MYH9,-0.618018995550564
MYL9,-0.21132595518782496
MYLK,-0.3660805758894655
MYO18A,-0.024538863437767216
MYO1E,-0.3656669573005462
MYO5A,-0.31832085832836376
MYOT,-0.600880662648489
NAA25,-0.2585546164033702
NAAA,-0.21132595518782496
NAALADL2,-0.7241589630474792
NAB1,-0.600880662648489
NAB2,-0.600880662648489
NAGA,-0.600880662648489
NAMPT,-0.37248756251788173
NANOS3,-0.6434167025021932
NAP1L1,-0.2585546164033702
NAP1L4P2,-0.35322613379276624
NAPSA,-0.2585546164033702
NAV2,-0.7241589630474792
NAV2-AS4,-0.7241589630474792
NAV3,-0.7241589630474792
NBEAL2,-0.21132595518782496
NBN,-0.21132595518782496
NBR1,-0.024538863437767216
NCAM1,-0.6096428544962943
NCF1,-0.20835983165501323
NCF2,-0.83370462769801
NCK1,-0.83370462769801
NCK2,-0.83370462769801
NCKAP1,-0.2585546164033702
NCKAP5,-0.83370462769801
NCOA3,-0.35322613379276624
NCOR2,-0.7241589630474792
NCR3LG1,-0.2585546164033702
ND1,-0.5106680476188028
ND2,-0.7226370087215657
ND4,-0.36313231494699516
ND4L,-0.600880662648489
ND5,-0.36313231494699516
ND6,-0.36313231494699516
NDRG1,-0.600880662648489
NDRG4,-0.6313298223058947
NDST1,-0.7241589630474792
NDUFA2,-0.5881860122576066
NDUFA4P2,-0.7241589630474792
NDUFAF4P2,-0.7241589630474792
NDUFAF6,-0.600880662648489
NEB,-0.6385590793733147
NEBL-AS1,-0.7241589630474792
NEDD4,-0.3034492896799361
NEDD9,-0.7241589630474792
NEFH,-0.600880662648489
NEIL1,-0.3034492896799361
NEIL3,-0.7241589630474792
NELFCD,-0.024538863437767216
NELFE,-0.2585546164033702
NEO1,-0.024538863437767216
NES,-0.7241589630474792
NEU1,-0.30353020296711164
NF2,-0.5708224385076979
NFATC2,-0.3976695832296136
NFE2,-0.3340008806021971
NFE2L2,-0.347185568847667
NFKB1,-0.3340352472162394
NFKB2,-0.024538863437767216
NFKBIA,-0.3976695832296136
NFKBIL1,-0.7241589630474792
NGB,-0.6313298223058947
NGF,-0.7226370087215657
NGFR,-0.600880662648489
NGLY1,-0.600880662648489
NHEJ1,-0.21132595518782496
NHP2,-0.21132595518782496
NHS,-0.2585546164033702
NIFKP2,-0.7241589630474792
NINJ1,-0.024538863437767216
NIPBL,-0.07073352053724387
NKX2-1,-0.024538863437767216
NKX6-1,-0.7241589630474792
NLGN1,-0.7241589630474792
NLRC4,-0.07304062489163274
NLRP1,-0.37258327773635663
NLRP12,-0.024538863437767216
NLRP2,-0.600880662648489
NLRP3,-0.34616111865252686
NM,-0.34463570601260674
NME7,0.0563220956567818
NMNAT1P2,-0.7241589630474792
NOA1,-0.7241589630474792
NOD1,-0.2585546164033702
NOD2,-0.14746023616520718
NOP10,-0.21132595518782496
NOS1,-0.6167299954619834
NOS2,-0.337633010745023
NOS3,-0.37024465251472916
NOTCH2,-0.83370462769801
NOTCH3,-0.7186984253567977
NOV,-0.3034492896799361
NOX1,-0.2585546164033702
NOX4,-0.7241589630474792
NOX5,-0.7241589630474792
NPAS3,-0.7241589630474792
NPAS4,-0.6313298223058947
NPC1,-0.2530007969818752
NPC1L1,-0.3034492896799361
NPHS1,-0.3368343796227025
NPHS2,-0.3368343796227025
NPM1P36,-0.7241589630474792
NPM2,-0.7241589630474792
NPPA,-0.7186984253567977
NPPB,-0.729375423268933
NPPC,-0.7241589630474792
NPR1,-0.7241589630474792
NPR2,-0.6313298223058947
NPR3,-0.7241589630474792
NPY,-0.6378879457182062
NQO1,-0.450146108493794
NR0B2,-0.024538863437767216
NR1H3,-0.2585546164033702
NR1H4,-0.33123171430105064
NR1I2,-0.3411290565669354
NR1I3,-0.2585546164033702
NR2E3,-0.7241589630474792
NR3C1,-0.3609696066132924
NR3C2,-0.7238672434395488
NR4A1,-0.83370462769801
NR4A2,-0.2585546164033702
NRAS,-0.21132595518782496
NRG1,-0.5491714810842716
NRG3,-0.7241589630474792
NRIP1,-0.7241589630474792
NRN1,-0.6313298223058947
NRP1,-0.3794648347727805
NT5E,-0.23195951151463204
NTAN1P3,-0.7241589630474792
NTF3,-0.06499159402897571
NTN1,-0.5881860122576066
NTRK1,-0.600880662648489
NTRK2,-0.7241589630474792
NTS,-0.2585546164033702
NUCB2,-0.7241589630474792
NUDT15,-0.35322613379276624
NUFIP1P,-0.7241589630474792
NUP107,-0.83370462769801
NUP160,0.0563220956567818
NUP210,-0.7241589630474792
NUP35,-0.7241589630474792
NUP50,-0.7241589630474792
NUPR1,-0.35322613379276624
NXPE1,-0.7241589630474792
NXPE4,-0.7241589630474792
NXPH1,-0.7241589630474792
OCLN,-0.21132595518782496
OCRL,-0.30353020296711164
ODC1,-0.6313298223058947
OFCC1,-0.7241589630474792
OFD1,-0.06827755339778033
OGA,-0.7241589630474792
OGFOD1,-0.7241589630474792
OGG1,-0.7241589630474792
OGN,-0.7241589630474792
OLFM3,-0.7241589630474792
OLR1,-0.6424360316370961
OPA1,-0.7226370087215657
OPRD1,-0.7241589630474792
OPRK1,-0.7241589630474792
OPTN,-0.83370462769801
OR10A4,-0.7241589630474792
OR1D5,-0.7241589630474792
OR2AG1,-0.6313298223058947
OR5D17P,-0.7241589630474792
OR5D18,-0.7241589630474792
OR5D3P,-0.7241589630474792
OR5L2,-0.7241589630474792
OR7E31P,-0.7241589630474792
OSGEP,-0.83370462769801
OSGIN1,-0.7241589630474792
OSM,-0.3870767691618984
OSR1,-0.7241589630474792
OTC,-0.6451470077623561
OTUD4P1,-0.7241589630474792
OXT,-0.17427675786222685
OXTR,-0.11378164600453868
P2RX7,-0.2585546164033702
P2RY12,-0.6786250673410513
P2RY2,-0.7186984253567977
P4HB,-0.7241589630474792
PA2G4P2,-0.7241589630474792
PAEP,-0.2530007969818752
PAFAH1B1,-0.21132595518782496
PAGR1,-0.2585546164033702
PAH,-0.7511245830492573
PAK1,-0.83370462769801
PAK2,-0.83370462769801
PALB2,-0.21132595518782496
PALLD,-0.7241589630474792
PAPPA,-0.7241589630474792
PAPPA2,-0.7241589630474792
PARN,-0.21132595518782496
PARP1,-0.3794648347727805
PARP9,-0.009402356697437893
PART1,-0.6313298223058947
PAWR,-0.3076039856010708
PAX2,-0.83370462769801
PAX5,-0.7241589630474792
PBX3,-0.7241589630474792
PC,-0.34681017995258195
PCAT1,-0.7241589630474792
PCAT4,-0.7241589630474792
PCBP2P3,-0.7241589630474792
PCCA,-0.2837856208584333
PCCB,-0.2837856208584333
PCMTD1,-0.7241589630474792
PCMTD1P3,-0.7241589630474792
PCSK1,-0.7241589630474792
PCSK2,-0.7241589630474792
PCSK9,-0.6434167025021932
PDCD1,-0.09951478429082447
PDCD4,-0.2585546164033702
PDE10A,-0.7241589630474792
PDE1A,-0.7241589630474792
PDE2A,-0.2585546164033702
PDE3A,-0.7241589630474792
PDE4A,-0.024538863437767216
PDE4D,-0.6262549623629937
PDE5A,-0.7241589630474792
PDE7A,-0.024538863437767216
PDE8A,-0.7241589630474792
PDE8B,-0.7241589630474792
PDGFA,-0.5336035926995595
PDGFB,-0.21132595518782496
PDGFD,-0.7241589630474792
PDGFRA,-0.21132595518782496
PDGFRB,-0.21132595518782496
PDK3,-0.600880662648489
PDLIM5,-0.6385590793733147
PDSS1,-0.600880662648489
PDSS2,-0.3656669573005462
PDX1,-0.7226370087215657
PDZD2,-0.6385590793733147
PDZRN3,-0.7241589630474792
PEBP1,-0.3976695832296136
PECAM1,-0.5708261242599445
PEPD,-0.21132595518782496
PER3,-0.7241589630474792
PET100,-0.83370462769801
PEX11B,-0.600880662648489
PEX12,-0.600880662648489
PEX5,-0.600880662648489
PEX7,-0.600880662648489
PF4,-0.07073352053724387
PFKFB3,-0.2585546164033702
PGBD3P4,-0.7241589630474792
PGBD5,-0.7241589630474792
PGC,-0.11378164600453868
PGF,-0.3976695832296136
PGPEP1,-0.024538863437767216
PGR-AS1,-0.7186984253567977
PHACTR1,-0.7241589630474792
PHACTR2,-0.7241589630474792
PHACTR3,-0.7241589630474792
PHF23,-0.7241589630474792
PHGDH,-0.28632664574462313
PHLPP2,-0.024538863437767216
PHYH,-0.600880662648489
PI3,-0.7241589630474792
PIAS1,-0.024538863437767216
PIEZO2,-0.7241589630474792
PIGA,-0.21132595518782496
PIGF,-0.2585546164033702
PIGM,0.0563220956567818
PIGQ,-0.7241589630474792
PIK3C2G,-0.6434167025021932
PIK3CA,-0.3609696066132924
PIK3CB,-0.3609696066132924
PIK3CD,-0.3609696066132924
PIK3CG,-0.3609696066132924
PIK3R3,-0.6313298223058947
PIN1,-0.024538863437767216
PINK1,-0.13421428747592112
PIP4K2A,-0.730381798432505
PIP4K2C,-0.7511245830492573
PITRM1,-0.7241589630474792
PITX2,-0.730381798432505
PKD1,-0.7241589630474792
PKIA,-0.7241589630474792
PKN2-AS1,-0.7241589630474792
PLA1A,-0.7241589630474792
PLA2G1B,-0.3660805758894655
PLA2G2A,-0.5470251576360288
PLA2G3,-0.7241589630474792
PLA2G4A,-0.3794648347727805
PLA2G6,-0.5881860122576066
PLA2G7,-0.6428356024927557
PLAT,-0.3748887816710275
PLAU,-0.3346319304509524
PLAUR,-0.5470251576360288
PLB1,-0.5472011809774874
PLCB1,-0.7241589630474792
PLCB3,-0.7241589630474792
PLCE1,-0.3656669573005462
PLCG2,-0.7241589630474792
PLCL2,-0.7241589630474792
PLD1,-0.2616585861011098
PLEK,-0.3728955748772371
PLEKHA7,-0.024538863437767216
PLEKHD1,-0.7241589630474792
PLEKHM3,-0.7241589630474792
PLG,-0.3528136992207238
PLN,-0.7241589630474792
PLOD1,-0.7241589630474792
PLP1,-0.600880662648489
PLPP3,-0.7241589630474792
PLSCR1,-0.6313298223058947
PLXDC2,-0.83370462769801
PLXNA1,-0.3034492896799361
PLXNA2,-0.7241589630474792
PLXNC1,-0.3976695832296136
PML,-0.7241589630474792
PMM2,-0.7871398346881058
PMP2,-0.600880662648489
PMP22,-0.600880662648489
PNKP,-0.600880662648489
PNLIP,-0.35322613379276624
PNLIPRP2,-0.35322613379276624
PNMT,-0.7241589630474792
PNN,-0.044869343523860294
PNOC,-0.2585546164033702
PNP,-0.3738240243934877
PNPLA2,-0.2686230295282266
PNPLA3,-0.7241589630474792
PNPLA5,-0.7241589630474792
PNPLA6,-0.600880662648489
PODXL,-0.37506576263153263
POLD4,-0.600880662648489
POLDIP2,-0.09951478429082447
POLE4,-0.600880662648489
POLG,-0.600880662648489
POM121L12,-0.7241589630474792
POM121L9P,-0.7241589630474792
POMC,-0.16639040141711917
PON1,-0.5619569714511238
PON2,-0.7241589630474792
POSTN,-0.7241589630474792
POU2F1,-0.21132595518782496
POU2F3,-0.7241589630474792
POU3F1,-0.600880662648489
POU5F1,-0.6313298223058947
PPAP2B,-0.7241589630474792
PPARA,-0.6508065248398948
PPARD,-0.600880662648489
PPARG,-0.37048637511786975
PPARGC1A,-0.5881860122576066
PPARGC1B,-0.3034492896799361
PPBP,-0.3034492896799361
PPIAP23,-0.7241589630474792
PPIG,-0.6313298223058947
PPM1D,-0.2585546164033702
PPOX,-0.600880662648489
PPP1R1A,-0.5881860122576066
PPP1R1B,-0.7511245830492573
PPP1R2P1,-0.7241589630474792
PPP1R2P5,-0.7241589630474792
PPP1R42,-0.7241589630474792
PPP2R1B,-0.7241589630474792
PPP2R5A,-0.7241589630474792
PPP3CA,-0.29841630793574747
PPP6R2,-0.2585546164033702
PPY,-0.35322613379276624
PR@,-0.024538863437767216
PRB2,-0.21132595518782496
PRCP,-0.024538863437767216
PRDM15,-0.7241589630474792
PRF1,-0.21132595518782496
PRH1,-0.5381933708784684
PRH2,-0.5415436029442032
PRKACG,-0.21132595518782496
PRKAG2,0.34378280057691296
PRKAR1A,-0.600880662648489
PRKCA,-0.2585546164033702
PRKCB,-0.7241589630474792
PRKCD,-0.024538863437767216
PRKCE,-0.7226370087215657
PRKCH,-0.6313298223058947
PRKCQ,-0.6096428544962943
PRKD1,-0.7241589630474792
PRKG1,-0.6313298223058947
PRKN,-0.2686230295282266
PRKRA,0.0563220956567818
PRKRIRP3,-0.7241589630474792
PRKRIRP5,-0.7241589630474792
PRMT1,-0.024538863437767216
PRNP,-0.600880662648489
PROC,-0.3662560901696941
PROCR,-0.36794646288886323
PRODH,-0.83370462769801
PROM1,-0.7241589630474792
PROS1,-0.7051228396644484
PROSER2,-0.7241589630474792
PROZ,-0.6313298223058947
PRPS1,-0.7226370087215657
PRPS1P1,-0.7241589630474792
PRR5,-0.7241589630474792
PRR5-ARHGAP8,-0.7241589630474792
PRRT2,0.10761693477056244
PRSS1,-0.35322613379276624
PRSS2,-0.10845901757095847
PRTN3,-0.83370462769801
PSAP,-0.6095586026516038
PSAT1P1,-0.7241589630474792
PSCA,-0.11378164600453868
PSEN1,-0.6313298223058947
PSEN2,-0.35322613379276624
PSMA6,-0.7241589630474792
PSMA6P4,-0.7241589630474792
PSMA7P,-0.7241589630474792
PSMB1,-0.600880662648489
PSMB4,-0.7241589630474792
PSMB9,-0.7241589630474792
PSME3,-0.2585546164033702
PSPN,-0.6313298223058947
PTAFR,-0.024538863437767216
PTEN,-0.6786250673410513
PTGDR,-0.06499159402897571
PTGDR2,-0.024538863437767216
PTGDS,-0.009402356697437893
PTGER1,-0.6313298223058947
PTGER2,-0.7241589630474792
PTGER4,-0.7241589630474792
PTGIR,0.0563220956567818
PTGIS,-0.7186984253567977
PTGS1,-0.35063741940758375
PTGS2,-0.3414010022939483
PTH,-0.31070193876664187
PTHLH,-0.3139828990677706
PTK2B,-0.2686230295282266
PTN,-0.729375423268933
PTPN11,-0.37506576263153263
PTPN13,-0.600880662648489
PTPN22,-0.83370462769801
PTPN6,-0.024538863437767216
PTPRA,-0.6434167025021932
PTPRB,-0.600880662648489
PTPRC,-0.7241589630474792
PTPRD,-0.7241589630474792
PTPRJ,0.0563220956567818
PTPRN2,-0.7241589630474792
PTPRO,-0.3656669573005462
PTRH2,-0.600880662648489
PTX3,-0.5881860122576066
PUM2,-0.7241589630474792
PVALB,-0.7241589630474792
PWAR1,-0.1091408631747609
PWAR4,-0.3076039856010708
PWP1,-0.7241589630474792
PXMP2,-0.600880662648489
PYGL,-0.3034492896799361
PYGM,-0.2585546164033702
QKI,-0.7241589630474792
QPCT,-0.2585546164033702
R3HDM2P2,-0.37258327773635663
RAB11A,-0.2585546164033702
RAB27A,-0.3034492896799361
RAB38,-0.729375423268933
RAB7A,-0.600880662648489
RAB7B,-0.600880662648489
RAB9A,-0.024538863437767216
RAB9BP1,-0.7241589630474792
RAC1,-0.6313298223058947
RAD17P1,-0.7241589630474792
RAD50,-0.7241589630474792
RAD51,-0.21132595518782496
RAD51C,-0.21132595518782496
RAG1,-0.1376414882020477
RAG2,-0.1464111049689633
RAMP1,-0.7186984253567977
RAMP2,-0.6313298223058947
RANBP1,-0.7241589630474792
RANP7,-0.7241589630474792
RAP1B,-0.3976695832296136
RAP1BP2,-0.7241589630474792
RAP1GAP2,-0.7241589630474792
RAPGEF5,-0.7241589630474792
RAPH1,-0.7241589630474792
RARA,-0.21132595518782496
RASGRP1,-0.21132595518782496
RASGRP2,-0.21132595518782496
RASL10B,-0.7241589630474792
RASSF1,-0.35322613379276624
RBBP6,0.0563220956567818
RBFOX1,-0.7241589630474792
RBM38,-0.7241589630474792
RBM45,-0.024538863437767216
RBM8A,-0.21132595518782496
RBMS3-AS2,-0.7241589630474792
RBMS3-AS3,-0.7241589630474792
RCAN1,-0.5881860122576066
RD3,-0.6648110418760258
RDX,-0.7241589630474792
REG1A,-0.7241589630474792
REG3A,-0.10845901757095847
REL,-0.24056166142850433
RELA,-0.24056166142850433
RELB,-0.2585546164033702
REM1,-0.3703389711921722
REN,-0.5244098630138923
RENBP,-0.7241589630474792
REST,-0.6313298223058947
RET,-0.383608718080818
RETN,-0.37258327773635663
RETNLB,-0.024538863437767216
RETREG1,-0.600880662648489
REXO2,-0.7241589630474792
RFC2,-0.83370462769801
RFPL4B,-0.7241589630474792
RFWD3,-0.21132595518782496
RFXAP,-0.7241589630474792
RGN,-0.3034492896799361
RGPD4-AS1,-0.7241589630474792
RGS12,-0.7241589630474792
RGS2,-0.7511245830492573
RGS9,-0.7511245830492573
RHOA,-0.729375423268933
RHOBTB2,-0.600880662648489
RIEG2,-0.600880662648489
RIMS2,-0.2585546164033702
RIOK3P1,-0.7241589630474792
RIPK1,-0.7186984253567977
RIPK3,-0.7186984253567977
RIPPLY1,-0.35322613379276624
RLFP1,-0.024538863437767216
RLN2,-0.7241589630474792
RMC1,-0.7241589630474792
RMDN1,-0.5881860122576066
RMDN2,-0.5881860122576066
RMDN3,-0.5881860122576066
RMRP,-0.07304062489163274
RNA5SP156,-0.7241589630474792
RNA5SP173,-0.7241589630474792
RNA5SP189,-0.7241589630474792
RNA5SP208,-0.7241589630474792
RNA5SP228,-0.7241589630474792
RNA5SP271,-0.7241589630474792
RNA5SP347,-0.7241589630474792
RNA5SP348,-0.7241589630474792
RNA5SP349,-0.7241589630474792
RNA5SP353,-0.7241589630474792
RNA5SP371,-0.7241589630474792
RNA5SP431,-0.7241589630474792
RNA5SP450,-0.7241589630474792
RNA5SP63,-0.7241589630474792
RNA5SP87,-0.7241589630474792
RNASE3,-0.024538863437767216
RNASEH2A,-0.21132595518782496
RNASEH2C,-0.21132595518782496
RNF125,-0.024538863437767216
RNF13,-0.7241589630474792
RNF146,-0.7186984253567977
RNF182,-0.7241589630474792
RNF19A,-0.09951478429082447
RNMT,-0.600880662648489
RNU105C,-0.7241589630474792
RNU6-15P,-0.7241589630474792
RNU6-36P,-0.7241589630474792
RNU6-392P,-0.09951478429082447
RNU7-34P,-0.2585546164033702
RNU7-6P,-0.7241589630474792
RNY4P17,-0.7241589630474792
RNY4P22,-0.83370462769801
ROBO1,-0.7241589630474792
ROBO2,-0.7241589630474792
ROR1,-0.7241589630474792
ROS1,-0.37487760392615355
RPA2P3,-0.7241589630474792
RPA3,-0.7241589630474792
RPAIN,-0.024538863437767216
RPE65,-0.2585546164033702
RPIA,-0.600880662648489
RPL10,-0.6434167025021932
RPL10AP9,-0.7241589630474792
RPL10P9,-0.7241589630474792
RPL13A,-0.6313298223058947
RPL15P22,-0.7241589630474792
RPL17P19,-0.7241589630474792
RPL18P1,-0.7241589630474792
RPL19P11,-0.7241589630474792
RPL21P106,-0.7241589630474792
RPL21P61,-0.7241589630474792
RPL23P3,-0.7241589630474792
RPL23P9,-0.7241589630474792
RPL24P2,-0.7241589630474792
RPL26P23,-0.7241589630474792
RPL26P5,-0.7241589630474792
RPL29P17,-0.7241589630474792
RPL29P6,-0.7241589630474792
RPL31P26,-0.7241589630474792
RPL31P39,-0.7241589630474792
RPL31P48,-0.7241589630474792
RPL34P29,-0.7241589630474792
RPL35P4,-0.7241589630474792
RPL36AP23,-0.7241589630474792
RPL36AP6,-0.7241589630474792
RPL37P6,-0.7241589630474792
RPL38P1,-0.7241589630474792
RPL39P30,-0.7241589630474792
RPL3P12,-0.2585546164033702
RPL4,-0.5881860122576066
RPL4P5,-0.7241589630474792
RPL5P20,-0.7241589630474792
RPL5P21,-0.7241589630474792
RPL5P34,-0.7241589630474792
RPL6P10,-0.7241589630474792
RPL6P25,-0.7241589630474792
RPL6P28,-0.7241589630474792
RPL7AP12,-0.7241589630474792
RPL7AP61,-0.7241589630474792
RPL7AP69,-0.7241589630474792
RPL7L1P4,-0.2585546164033702
RPL7P20,-0.7241589630474792
RPL7P61,-0.7241589630474792
RPL9,-0.2585546164033702
RPLP0P9,-0.7241589630474792
RPP40,-0.7241589630474792
RPS12P10,-0.7241589630474792
RPS12P24,-0.7241589630474792
RPS17P11,-0.7241589630474792
RPS18P12,-0.2585546164033702
RPS19,-0.07073352053724387
RPS20P32,-0.2585546164033702
RPS24P4,-0.7241589630474792
RPS26P35,-0.35322613379276624
RPS27AP16,-0.7241589630474792
RPS27P22,-0.2585546164033702
RPS2P21,-0.7241589630474792
RPS2P38,-0.7241589630474792
RPS3AP44,-0.7241589630474792
RPS3P7,-0.7241589630474792
RPS6KB1,-0.5881860122576066
RPSA,-0.6434167025021932
RPSAP22,-0.7241589630474792
RPSAP40,-0.7241589630474792
RPSAP50,-0.7241589630474792
RPTOR,-0.2585546164033702
RRM1,-0.21132595518782496
RRP15,-0.7241589630474792
RSL24D1,-0.83370462769801
RSPH1,-0.7241589630474792
RSPO3,-0.7241589630474792
RSRP1,-0.7241589630474792
RTEL1,-0.21132595518782496
RTL1,-0.2585546164033702
RUNX1,-0.6096428544962943
RUNX1T1,-0.7241589630474792
RYR2,-0.7241589630474792
RYR3,-0.7241589630474792
S100A1,-0.37258327773635663
S100A12,-0.024538863437767216
S100A8,-0.2405789439572965
S100A9,-0.3703389711921722
S100B,-0.37258327773635663
S1PR1,-0.024538863437767216
S1PR2,0.34378280057691296
S1PR3,-0.2585546164033702
S1PR4,-0.21132595518782496
SAA1,-0.31486888135753643
SAA3P,-0.3034492896799361
SAA@,-0.2585546164033702
SACS,-0.600880662648489
SAFB,-0.7241589630474792
SALL4,-0.6096428544962943
SAMD12-AS1,-0.35322613379276624
SAMD3,-0.83370462769801
SAMHD1,-0.21132595518782496
SARS,-0.3711911364601295
SARS2,-0.618018995550564
SBDS,-0.21132595518782496
SBF1,-0.7226370087215657
SBF1P1,-0.7241589630474792
SBF2,-0.600880662648489
SBSPON,-0.35322613379276624
SC5D,-0.21132595518782496
SCAF11,-0.024538863437767216
SCAP,-0.7241589630474792
SCARB1,-0.7186984253567977
SCARB2,-0.30353020296711164
SCCPDH,-0.7241589630474792
SCD5,-0.7241589630474792
SCG2,-0.7241589630474792
SCGB1A1,-0.024538863437767216
SCGB3A2,-0.024538863437767216
SCHLAP1,-0.7241589630474792
SCN1A,-0.2585546164033702
SCN4A,-0.600880662648489
SCN5A,-0.7241589630474792
SCN9A,-0.600880662648489
SCNN1A,-0.32906715843732876
SCO1,-0.83370462769801
SCP2,-0.600880662648489
SCT,-0.35322613379276624
SDC1,-0.4847141802218419
SDC2,-0.6434167025021932
SDC4,-0.7241589630474792
SDCBPP2,-0.7241589630474792
SDF4,-0.35322613379276624
SDHA,-0.83370462769801
SDHAF2,-0.83370462769801
SDHB,-0.83370462769801
SDHC,-0.83370462769801
SDHD,-0.729375423268933
SDK1,-0.7241589630474792
SEA,-0.2585546164033702
SEC24D,-0.7241589630474792
SELE,-0.3703389711921722
SELENON,-0.024538863437767216
SELENOP,-0.2585546164033702
SELL,-0.3662560901696941
SELP,-0.35681294905618366
SELPLG,-0.37258327773635663
SEMA3A,-0.6313298223058947
SEMA3C,-0.7241589630474792
SEMA3F,-0.7241589630474792
SEMA4A,-0.024538863437767216
SEMA5A,-0.7241589630474792
SEMA6A,-0.25994153783195
SEMA7A,-0.024538863437767216
SENP1,-0.7241589630474792
SENP6,-0.2585546164033702
SEPT9,-0.7226370087215657
SERPINA1,-0.3600971669836401
SERPINA10,0.0563220956567818
SERPINA13P,-0.33123171430105064
SERPINA3,-0.7241589630474792
SERPINA4,-0.7241589630474792
SERPINA5,-0.7051228396644484
SERPINB2,-0.5245688501185161
SERPINB5,-0.35322613379276624
SERPINB6,-0.6313298223058947
SERPINC1,-0.6296439478106889
SERPIND1,-0.629560488677263
SERPINE1,-0.33159351111040003
SERPINE2,-0.6313298223058947
SERPINF1,-0.2686230295282266
SERPINF2,-0.5619569714511238
SERPING1,-0.2585546164033702
SERPINI1,-0.6313298223058947
SESN2,-0.024538863437767216
SETD2,-0.7186984253567977
SETMAR,-0.2585546164033702
SETX,-0.600880662648489
SF3A2,-0.7241589630474792
SF3B1,-0.21132595518782496
SFMBT2,-0.7241589630474792
SFRP1,-0.2585546164033702
SFRP2,-0.7241589630474792
SFTPA1,-0.024538863437767216
SFTPA2,-0.024538863437767216
SFTPB,-0.009402356697437893
SFTPC,-0.009402356697437893
SFTPD,-0.12413585086559624
SGCG,-0.09951478429082447
SGCZ,-0.7241589630474792
SGK1,-0.682477474472694
SGMS1,0.34378280057691296
SGPL1,-0.024538863437767216
SH2B1,-0.729375423268933
SH2B3,-0.7241589630474792
SH2D1A,-0.2837856208584333
SH3BP5,-0.7241589630474792
SH3RF1,-0.7241589630474792
SH3TC2,-0.600880662648489
SHBG,-0.7241589630474792
SHC1,-0.3034492896799361
SHH,-0.5372230826849793
SIAH2,-0.7241589630474792
SIGLEC9,-0.2585546164033702
SIK2,-0.7241589630474792
SIRPA,-0.7241589630474792
SIRPB3P,-0.7241589630474792
SIRT1,-0.3794648347727805
SIRT3,-0.5881860122576066
SIRT6,-0.2585546164033702
SIT1,-0.2585546164033702
SLC11A1,-0.2585546164033702
SLC11A2,-0.024538863437767216
SLC12A6,-0.600880662648489
SLC13A1,-0.7241589630474792
SLC16A3,-0.83370462769801
SLC17A5,-0.21132595518782496
SLC18A2,-0.7511245830492573
SLC19A1,-0.6313298223058947
SLC19A2,-0.21132595518782496
SLC1A2,-0.6313298223058947
SLC1A7,-0.7241589630474792
SLC20A2,-0.2391571305469855
SLC22A1,-0.6096428544962943
SLC22A18,-0.7241589630474792
SLC22A5,-0.600880662648489
SLC24A5,-0.7241589630474792
SLC25A13,-0.2563139997082529
SLC25A19,-0.600880662648489
SLC25A23,-0.7241589630474792
SLC25A5P2,-0.7241589630474792
SLC25A5P8,-0.7241589630474792
SLC25A6P5,-0.7241589630474792
SLC26A2,-0.2616585861011098
SLC26A4,-0.7241589630474792
SLC27A1,-0.6434167025021932
SLC27A5,-0.009402356697437893
SLC27A6,-0.7241589630474792
SLC28A1,-0.21132595518782496
SLC29A1,-0.009402356697437893
SLC29A2,-0.009402356697437893
SLC2A4,-0.3034492896799361
SLC2A6,-0.7241589630474792
SLC2A9,-0.7241589630474792
SLC30A8,-0.7241589630474792
SLC33A1,-0.7186984253567977
SLC35A1,-0.07073352053724387
SLC35C1,-0.024538863437767216
SLC35F3,-0.7241589630474792
SLC37A4,-0.37399536650504717
SLC38A4,-0.7241589630474792
SLC39A8,-0.2585546164033702
SLC3A2,-0.7241589630474792
SLC44A2,0.0563220956567818
SLC46A1,-0.2275574013320193
SLC52A1,-0.3976695832296136
SLC52A2,-0.1091408631747609
SLC52A3,-0.600880662648489
SLC5A4,-0.2585546164033702
SLC5A5,-0.7241589630474792
SLC5A7,-0.600880662648489
SLC6A1,-0.7186984253567977
SLC6A15,-0.7241589630474792
SLC6A3,-0.5291586506269899
SLC6A4,-0.7241589630474792
SLC7A15P,-0.7241589630474792
SLC7A2,-0.2585546164033702
SLC7A7,-0.2837856208584333
SLC7A8,-0.7241589630474792
SLC7A9,-0.7241589630474792
SLC8A1,-0.6313298223058947
SLC9A1,-0.2616585861011098
SLC9A2,-0.2616585861011098
SLC9A3,-0.2616585861011098
SLC9A6,-0.12413585086559624
SLCO1B1,-0.6434167025021932
SLCO1B3,-0.2837856208584333
SLCO5A1,-0.7241589630474792
SLF1,-0.7241589630474792
SLFN14,-0.21132595518782496
SLITRK6,-0.83370462769801
SLPI,-0.7241589630474792
SLURP1,-0.600880662648489
SLX4,-0.21132595518782496
SMAD1,-0.7241589630474792
SMAD2,-0.7241589630474792
SMAD3,-0.7226370087215657
SMAD4,-0.7241589630474792
SMAD9,-0.7241589630474792
SMARCA2,-0.7241589630474792
SMARCA4,-0.7241589630474792
SMARCAL1,-0.30353020296711164
SMARCD1,-0.3034492896799361
SMG6,-0.7241589630474792
SMO,-0.3703389711921722
SMOC2,-0.7241589630474792
SMOX,-0.09951478429082447
SMPD1,-0.2585546164033702
SMPD2,-0.024538863437767216
SMTNL2,-0.83370462769801
SMUG1,-0.2585546164033702
SNAP29,-0.600880662648489
SNAPIN,-0.7241589630474792
SNCA,-0.7241589630474792
SNRPD1,-0.83370462769801
SNRPFP3,-0.2585546164033702
SNTG1,-0.7241589630474792
SNX10,-0.21132595518782496
SOAT1,-0.5835619666043599
SOCS1,-0.7241589630474792
SOCS3,-0.35457881939355934
SOD1,-0.5131833708476702
SOD2,-0.5126598324643552
SOD3,-0.7241589630474792
SORBS2,-0.7241589630474792
SORCS2,-0.7241589630474792
SORT1,-0.7241589630474792
SOX10,-0.600880662648489
SOX17,-0.7241589630474792
SOX4,-0.600880662648489
SOX5,-0.2585546164033702
SOX6,-0.7241589630474792
SOX8,-0.600880662648489
SP1,-0.3528523649618528
SP140,-0.7241589630474792
SP3,-0.5175559391092837
SPAG16,-0.7241589630474792
SPAG6,-0.7241589630474792
SPARC,-0.6096428544962943
SPAST,-0.600880662648489
SPATA8,-0.7241589630474792
SPATS1,-0.7241589630474792
SPC24,-0.7241589630474792
SPG36,-0.600880662648489
SPHK1,0.34378280057691296
SPI1,-0.24056166142850433
SPINK1,-0.22871500014288793
SPOCK2,-0.7241589630474792
SPP1,-0.3824468360243064
SPTBN4,-0.7241589630474792
SPTBN5,-0.7241589630474792
SPTLC1,-0.600880662648489
SPTLC3,-0.7241589630474792
SRC,-0.21132595518782496
SREBF1,-0.3034492896799361
SREBF2,-0.6434167025021932
SRF,-0.11378164600453868
SRIP1,-0.7241589630474792
SRP54,-0.21132595518782496
SRPX,-0.044869343523860294
SRR,-0.37175773397701084
SRSF1P1,-0.2585546164033702
SRSF2,-0.21132595518782496
SS18L2P2,-0.7241589630474792
SSB,-0.11378164600453868
SSRP1,-0.29841630793574747
SST,-0.2405789439572965
SSTR1,-0.2585546164033702
ST20-MTHFS,-0.7241589630474792
ST6GALNAC1,-0.7241589630474792
ST6GALNAC3,-0.7241589630474792
STARD3NL,-0.7241589630474792
STAT1,-0.21132595518782496
STAT3,-0.3703389711921722
STAT6,-0.2616585861011098
STC1,-0.6313298223058947
STC2,-0.35322613379276624
STEAP2-AS1,-0.7241589630474792
STIM1,-0.14727494490727827
STK11,-0.600880662648489
STK38,-0.2585546164033702
STKLD1,0.0563220956567818
STOX2,-0.7241589630474792
STT3B,-0.21132595518782496
STX2,-0.21132595518782496
STXBP2,-0.7241589630474792
SUCLA2,-0.600880662648489
SUCLG2,-0.7241589630474792
SUCLG2P2,-0.7241589630474792
SUFU,-0.2585546164033702
SUGT1P1,-0.7241589630474792
SULF1,-0.35322613379276624
SULF2,-0.6385590793733147
SULT1B1,-0.7241589630474792
SULT1E1,-0.2585546164033702
SULT2B1,-0.7241589630474792
SURF1,-0.600880662648489
SURF4,0.0563220956567818
SUSD4,-0.7241589630474792
SVEP1,-0.7241589630474792
SWAP70,-0.7241589630474792
SYBU,-0.5881860122576066
SYK,-0.024538863437767216
SYNCRIP,-0.2585546164033702
SYNDIG1,-0.7241589630474792
SYNE2,-0.7241589630474792
SYP,-0.6313298223058947
SYT1,-0.5769771755982259
SYT14,-0.7241589630474792
TAB2,-0.7241589630474792
TAB3,-0.2585546164033702
TAC1,-0.2616585861011098
TACO1,-0.83370462769801
TACR1,-0.35322613379276624
TAF4,-0.7241589630474792
TAGAP,-0.2585546164033702
TAGLN,-0.024538863437767216
TALDO1,-0.3035302029671116
TANK,-0.600880662648489
TARBP1,-0.7241589630474792
TARID,-0.7241589630474792
TAS2R50,-0.7241589630474792
TASP1,-0.7241589630474792
TAT,-0.3533089631124469
TAZ,-0.7241589630474792
TBC1D9,-0.7241589630474792
TBL1XR1,-0.600880662648489
TBL2,-0.83370462769801
TBPL1,-0.35322613379276624
TBX20,-0.7241589630474792
TBX3,-0.7241589630474792
TBX5,-0.7241589630474792
TBXA2R,-0.6106468807837757
TBXAS1,-0.28632664574462313
TCF25,-0.7241589630474792
TCF4,-0.600880662648489
TCFL5,-0.7241589630474792
TCHP,-0.7241589630474792
TCIRG1,-0.2585546164033702
TCN2,-0.21132595518782496
TDRKH,-0.7241589630474792
TEAD1,-0.7241589630474792
TEK,-0.3307061991516062
TENM2,-0.7241589630474792
TENM3,-0.7241589630474792
TERC,-0.48696780771281173
TERT,-0.07073352053724387
TET2,-0.6096428544962943
TF,-0.37058269258191323
TFAM,-0.5881860122576066
TFF1,-0.5744437720746824
TFF2,-0.11378164600453868
TFG,-0.31832085832836376
TFPI,-0.42471813417405224
TGFA,-0.009402356697437893
TGFB1,-0.36347933384627873
TGFB2,-0.7241589630474792
TGFBI,-0.2585546164033702
TGFBR1,-0.7241589630474792
TGFBR2,-0.7186984253567977
TH,-0.4371147360223219
THAP5,-0.7241589630474792
THAS,-0.600880662648489
THBD,-0.5160353055298258
THBS1,-0.7241589630474792
THBS2,-0.7241589630474792
THBS4,-0.7241589630474792
THOC3,-0.7241589630474792
THPO,-0.5244523261355112
TICAM1,-0.09951478429082447
TIGIT,-0.7241589630474792
TIMELESS,-0.024538863437767216
TIMP1,-0.33619960804715326
TIMP2,-0.5677264682935036
TIMP3,-0.7241589630474792
TIMP4,-0.7241589630474792
TINF2,-0.21132595518782496
TIPARP,-0.7241589630474792
TIRAP,-0.09951478429082447
TLR1,-0.19475635826151222
TLR2,-0.3281619029314051
TLR3,-0.1510025832471078
TLR4,-0.36032899198991103
TLR5,-0.09951478429082447
TLR6,-0.024538863437767216
TLR7,-0.2585546164033702
TLR8,-0.2585546164033702
TLR9,-0.09951478429082447
TLX2,-0.6313298223058947
TM6SF2,-0.7241589630474792
TM7SF2,-0.5900141398020256
TMEM127,-0.83370462769801
TMEM132D,-0.7241589630474792
TMEM14A,-0.7241589630474792
TMEM163,-0.83370462769801
TMEM165,-0.21132595518782496
TMEM182,-0.7241589630474792
TMEM220-AS1,-0.7241589630474792
TMEM244,-0.7241589630474792
TMEM41B,-0.7241589630474792
TMEM67,-0.35322613379276624
TMEM68,-0.7241589630474792
TMPRSS4,-0.7241589630474792
TMPRSS6,-0.600880662648489
TMSB4X,-0.5881860122576066
TNC,-0.7241589630474792
TNF,-0.3435591366399233
TNFAIP6,-0.7241589630474792
TNFRSF10A,-0.2275574013320193
TNFRSF11A,-0.024538863437767216
TNFRSF11B,-0.6144057900837434
TNFRSF12A,-0.6428356024927557
TNFRSF13B,-0.12413585086559624
TNFRSF13C,-0.09951478429082447
TNFRSF14,-0.7241589630474792
TNFRSF1A,-0.3585219220899491
TNFRSF1B,-0.3976695832296136
TNFRSF25,-0.08408153870294933
TNFRSF4,-0.7241589630474792
TNFRSF6B,-0.024538863437767216
TNFRSF8,-0.024538863437767216
TNFSF10,-0.024538863437767216
TNFSF11,-0.6096428544962943
TNFSF12,-0.024538863437767216
TNFSF13,-0.7241589630474792
TNFSF4,-0.3976695832296136
TNIP1,-0.2585546164033702
TNIP3,-0.2585546164033702
TNNI3,-0.7241589630474792
TNNI3K,-0.7241589630474792
TNNT2,-0.7241589630474792
TNPO1,-0.2585546164033702
TNRC18,-0.7241589630474792
TNRC6C,-0.7241589630474792
TOLLIP,-0.2585546164033702
TOMM22P3,-0.7241589630474792
TOP2A,-0.2585546164033702
TOP3B,-0.7241589630474792
TOR1A,-0.7511245830492573
TP53,-0.35533686242770657
TP53COR1,-0.7241589630474792
TP53RK,-0.83370462769801
TP73,-0.7241589630474792
TPD52,-0.7241589630474792
TPI1,-0.600880662648489
TPMT,-0.2837856208584333
TPO,-0.2275574013320193
TPRKB,-0.83370462769801
TPT1P13,-0.2585546164033702
TRAF1,-0.024538863437767216
TRAF6,-0.2585546164033702
TRAM2-AS1,-0.7241589630474792
TRAPPC9,-0.7241589630474792
TRBV20OR9-2,-0.09951478429082447
TRC-GCA17-1,-0.7241589630474792
TRC-GCA9-4,-0.7241589630474792
TRE-CTC12-1,-0.7241589630474792
TREM1,-0.3703389711921722
TREML1,-0.2585546164033702
TREX1,-0.3035302029671116
TRH,-0.31832085832836376
TRIB1,-0.7241589630474792
TRIB3,-0.7241589630474792
TRIM2,-0.2275574013320193
TRIM21,-0.21132595518782496
TRIM69,-0.09951478429082447
TRK-CTT1-2,-0.7241589630474792
TRMO,-0.2585546164033702
TRNE,-0.83370462769801
TRNF,-0.35322613379276624
TRNH,-0.35322613379276624
TRNK,-0.83370462769801
TRNL1,-0.4218659186363725
TRNN,-0.83370462769801
TRNQ,-0.35322613379276624
TRNS1,-0.4218659186363725
TRNS2,-0.35322613379276624
TRNW,-0.35322613379276624
TROVE2,-0.21132595518782496
TRPA1,-0.3976695832296136
TRPC3,-0.7241589630474792
TRPC4,-0.7241589630474792
TRPC6,-0.83370462769801
TRPM3,-0.7241589630474792
TRPM4,-0.25965013512021945
TRPM7,-0.6313298223058947
TRPV1,-0.2757806966405797
TRPV4,-0.600880662648489
TRPV5,-0.2585546164033702
TRS-AGA2-6,-0.7241589630474792
TSFM,-0.600880662648489
TSG1,-0.7241589630474792
TSHR,-0.7241589630474792
TSHZ2,-0.7241589630474792
TSLP,-0.024538863437767216
TSPAN10,-0.7241589630474792
TSPAN15,0.0563220956567818
TSPAN9,-0.7241589630474792
TSPO,-0.7241589630474792
TTC28-AS1,-0.7241589630474792
TTF1,-0.024538863437767216
TTLL6,-0.7241589630474792
TTN,-0.7241589630474792
TTPA,-0.7241589630474792
TTR,-0.7226370087215657
TUBAP,-0.7241589630474792
TUBB,-0.2795123796036034
TUBB1,-0.600880662648489
TUBGCP2,-0.7241589630474792
TWIST1,0.34378280057691296
TWISTNB,-0.7241589630474792
TXN,-0.36723722656315533
TXN2,-0.7226370087215657
TXNIP,-0.3034492896799361
TXNRD1,-0.7241589630474792
TXNRD2,-0.7241589630474792
TXNRD3,-0.7241589630474792
TYMP,-0.600880662648489
TYMS,-0.13268241765795388
TYRP1,-0.35322613379276624
UBA52P6,-0.7241589630474792
UBAC1,-0.37258327773635663
UBD,-0.7241589630474792
UBE2Q2,-0.7241589630474792
UBE2T,-0.21132595518782496
UBR1,-0.35322613379276624
UCHL1,-0.600880662648489
UCN3,-0.024538863437767216
UCP1,-0.3034492896799361
UCP2,-0.5881860122576066
UCP3,-0.6313298223058947
UGGT2,-0.7241589630474792
UGT1A1,-0.5244523261355112
UGT1A7,-0.35322613379276624
UHRF1,-0.7241589630474792
UMAD1,-0.7241589630474792
UNC5C,-0.7241589630474792
UNQ6494,-0.7241589630474792
UROD,-0.2585546164033702
UROS,-0.21132595518782496
USB1,-0.21132595518782496
USF1,-0.3034492896799361
USP12,-0.2585546164033702
USP14,-0.35322613379276624
USP18,-0.21132595518782496
USP29,-0.7241589630474792
USP7,-0.7241589630474792
USP8,-0.2616585861011098
UST,-0.7241589630474792
UTS2,-0.7241589630474792
UTS2B,-0.7241589630474792
UTS2R,-0.7241589630474792
VAC14,-0.600880662648489
VAMP8,-0.7241589630474792
VANGL1,-0.7241589630474792
VASP,-0.024538863437767216
VCAM1,-0.33730964528855284
VCAN,-0.7241589630474792
VCP,-0.024538863437767216
VDAC1,-0.7241589630474792
VDAC2,-0.7241589630474792
VDR,-0.3794648347727805
VEGFA,-0.34120566075069175
VEGFB,-0.7241589630474792
VENTXP3,-0.7241589630474792
VENTXP7,-0.83370462769801
VGF,-0.11378164600453868
VHL,-0.83370462769801
VIM,-0.06499159402897571
VIM2P,-0.024538863437767216
VIP,-0.07304062489163274
VKORC1,-0.31343892573320203
VLDLR,-0.5472011809774874
VLDLR-AS1,-0.7241589630474792
VMP1,-0.35322613379276624
VN1R86P,-0.7241589630474792
VN2R20P,-0.7241589630474792
VOPP1,-0.7241589630474792
VPS13A,-0.2686230295282266
VPS33A,-0.30353020296711164
VPS45,-0.21132595518782496
VPS51,-0.7241589630474792
VTN,-0.3035302029671116
VWA2,-0.7241589630474792
VWF,-0.4926516583828676
WARS,-0.7241589630474792
WARS2,-0.7241589630474792
WAS,-0.6096428544962943
WASF2,-0.7241589630474792
WBS2,-0.21132595518782496
WDFY1,-0.7241589630474792
WDHD1,-0.3034492896799361
WDR1,-0.618018995550564
WDR12,-0.7241589630474792
WDR19,-0.83370462769801
WDR26,0.34378280057691296
WDR73,-0.83370462769801
WFS1,-0.21132595518782496
WG,0.0563220956567818
WIPF1,-0.21132595518782496
WIPI2,-0.7241589630474792
WNK1,-0.25057052257350393
WNK2,-0.6385590793733147
WNT11,-0.7241589630474792
WNT3,-0.7241589630474792
WNT4,-0.024538863437767216
WNT5A,-0.5881860122576066
WRAP53,-0.21132595518782496
WRN,-0.7241589630474792
WT1,-0.83370462769801
WWOX,-0.7241589630474792
WWP2,-0.7241589630474792
XBP1,-0.7241589630474792
XDH,-0.2733778315207197
XIAP,-0.21132595518782496
XIRP2,-0.7241589630474792
XK,-0.600880662648489
XPO7,-0.7241589630474792
XPR1,-0.07073352053724387
XRCC1,-0.6096428544962943
XRCC2,-0.21132595518782496
YAP1,-0.7241589630474792
YARS,-0.600880662648489
YBX1,-0.7241589630474792
YES1,-0.7241589630474792
YTHDF3,-0.7241589630474792
YWHAE,-0.21132595518782496
YWHAZ,-0.5502715693471373
YY1AP1,-0.7241589630474792
ZAP70,-0.06827755339778033
ZBED1P1,-0.7241589630474792
ZBTB17,-0.600880662648489
ZBTB24,-0.024538863437767216
ZBTB7C,-0.6313298223058947
ZC2HC1A,-0.7241589630474792
ZC3H12A,-0.3976695832296136
ZC3H12C,-0.7241589630474792
ZC3H3,-0.7241589630474792
ZC3HC1,-0.7241589630474792
ZFAT,-0.7241589630474792
ZFP64,-0.7241589630474792
ZFPM1,-0.21132595518782496
ZMPSTE24,-0.3034492896799361
ZMYND11,-0.7241589630474792
ZNF202,-0.7241589630474792
ZNF385B,-0.7241589630474792
ZNF415,0.0563220956567818
ZNF536,-0.7241589630474792
ZNF627,-0.7241589630474792
ZNF664-FAM101A,-0.7241589630474792
ZNF701,-0.35322613379276624
ZNF784,-0.7241589630474792
ZNF83,-0.7241589630474792
ZNF848P,-0.7241589630474792
ZNF85,-0.21132595518782496
ZNHIT3,-0.2616585861011098
ZPR1,-0.3034492896799361
ZRANB3,-0.6313298223058947
ZWINT,-0.7241589630474792
