,Cerebral Infarction -log(BH) Diff,Cerebral Infarction -log(BH) Diff,Cerebral Infarction -log(BH) Diff,Cerebral Infarction -log(BH) Diff,Cerebral Infarction -log(BH) Diff,Deep Vein Thrombosis -log(BH) Diff,Deep Vein Thrombosis -log(BH) Diff,Deep Vein Thrombosis -log(BH) Diff,Deep Vein Thrombosis -log(BH) Diff,Deep Vein Thrombosis -log(BH) Diff,Delirium -log(BH) Diff,Delirium -log(BH) Diff,Delirium -log(BH) Diff,Delirium -log(BH) Diff,Delirium -log(BH) Diff,Edema -log(BH) Diff,Edema -log(BH) Diff,Edema -log(BH) Diff,Edema -log(BH) Diff,Edema -log(BH) Diff,Gastric ulcer -log(BH) Diff,Gastric ulcer -log(BH) Diff,Gastric ulcer -log(BH) Diff,Gastric ulcer -log(BH) Diff,Gastric ulcer -log(BH) Diff,Hemorrhage -log(BH) Diff,Hemorrhage -log(BH) Diff,Hemorrhage -log(BH) Diff,Hemorrhage -log(BH) Diff,Hemorrhage -log(BH) Diff,Hyperlipidemia -log(BH) Diff,Hyperlipidemia -log(BH) Diff,Hyperlipidemia -log(BH) Diff,Hyperlipidemia -log(BH) Diff,Hyperlipidemia -log(BH) Diff,Myocardial Infarction -log(BH) Diff,Myocardial Infarction -log(BH) Diff,Myocardial Infarction -log(BH) Diff,Myocardial Infarction -log(BH) Diff,Myocardial Infarction -log(BH) Diff,Pancreatitis -log(BH) Diff,Pancreatitis -log(BH) Diff,Pancreatitis -log(BH) Diff,Pancreatitis -log(BH) Diff,Pancreatitis -log(BH) Diff,Peripheral Neuropathy -log(BH) Diff,Peripheral Neuropathy -log(BH) Diff,Peripheral Neuropathy -log(BH) Diff,Peripheral Neuropathy -log(BH) Diff,Peripheral Neuropathy -log(BH) Diff,Pneumonia -log(BH) Diff,Pneumonia -log(BH) Diff,Pneumonia -log(BH) Diff,Pneumonia -log(BH) Diff,Pneumonia -log(BH) Diff,Proteinuria -log(BH) Diff,Proteinuria -log(BH) Diff,Proteinuria -log(BH) Diff,Proteinuria -log(BH) Diff,Proteinuria -log(BH) Diff,Pulmonary Edema -log(BH) Diff,Pulmonary Edema -log(BH) Diff,Pulmonary Edema -log(BH) Diff,Pulmonary Edema -log(BH) Diff,Pulmonary Edema -log(BH) Diff,Sepsis -log(BH) Diff,Sepsis -log(BH) Diff,Sepsis -log(BH) Diff,Sepsis -log(BH) Diff,Sepsis -log(BH) Diff,Tardive Dyskinesia -log(BH) Diff,Tardive Dyskinesia -log(BH) Diff,Tardive Dyskinesia -log(BH) Diff,Tardive Dyskinesia -log(BH) Diff,Tardive Dyskinesia -log(BH) Diff,Thrombocytopenia -log(BH) Diff,Thrombocytopenia -log(BH) Diff,Thrombocytopenia -log(BH) Diff,Thrombocytopenia -log(BH) Diff,Thrombocytopenia -log(BH) Diff
,mean,std,min,max,sum,mean,std,min,max,sum,mean,std,min,max,sum,mean,std,min,max,sum,mean,std,min,max,sum,mean,std,min,max,sum,mean,std,min,max,sum,mean,std,min,max,sum,mean,std,min,max,sum,mean,std,min,max,sum,mean,std,min,max,sum,mean,std,min,max,sum,mean,std,min,max,sum,mean,std,min,max,sum,mean,std,min,max,sum,mean,std,min,max,sum
Gene,,,,,,,,,,,,,,,,,,,,,,,,,,,,,,,,,,,,,,,,,,,,,,,,,,,,,,,,,,,,,,,,,,,,,,,,,,,,,,,,
ABCB1,0.0,0.0,0.0,0.0,0.0,0.0,0.0,0.0,0.0,0.0,0.2356475934686344,0.0,0.2356475934686344,0.2356475934686344,0.2356475934686344,-0.15113088234269864,0.19782659721479307,-0.2910154107323386,-0.0112463539530587,-0.3022617646853973,-0.2592422752136389,0.31504611865186033,-0.482013522098871,-0.0364710283284068,-0.5184845504272778,0.0,0.0,0.0,0.0,0.0,0.0,0.0,0.0,0.0,0.0,-0.8856845155436872,0.059411080752045944,-0.9521137418296064,-0.8376359906638751,-2.6570535466310616,0.0,0.0,0.0,0.0,0.0,0.0,0.0,0.0,0.0,0.0,-0.37674487370106924,0.03718107051968903,-0.4196738470846544,-0.3547710362817149,-1.1302346211032077,0.0,0.0,0.0,0.0,0.0,0.0,0.0,0.0,0.0,0.0,0.0,0.0,0.0,0.0,0.0,-0.4576897303343692,0.35174747021477343,-0.7064127517884486,-0.2089667088802898,-0.9153794606687384,0.0,0.0,0.0,0.0,0.0
ABCB11,0.0,0.0,0.0,0.0,0.0,0.0,0.0,0.0,0.0,0.0,-0.3244838404311405,0.0,-0.3244838404311405,-0.3244838404311405,-0.3244838404311405,0.0,0.0,0.0,0.0,0.0,-0.0401780619153644,0.0,-0.0401780619153644,-0.0401780619153644,-0.0401780619153644,0.0,0.0,0.0,0.0,0.0,-0.2273188813147637,0.0,-0.2273188813147637,-0.2273188813147637,-0.2273188813147637,-0.6583340767165987,0.3124594330114629,-1.009051765619958,-0.4096354456851934,-1.975002230149796,-0.13592640473103312,0.7546738930955657,-0.6695614321233592,0.3977086226612929,-0.27185280946206625,0.0,0.0,0.0,0.0,0.0,-0.362377007997523,0.0,-0.362377007997523,-0.362377007997523,-0.362377007997523,0.0,0.0,0.0,0.0,0.0,0.0,0.0,0.0,0.0,0.0,-0.3586910540490571,0.0,-0.3586910540490571,-0.3586910540490571,-0.3586910540490571,-0.6493454017624014,0.0,-0.6493454017624014,-0.6493454017624014,-0.6493454017624014,-0.1577439437870591,0.0,-0.1577439437870591,-0.1577439437870591,-0.1577439437870591
ABCG2,0.0,0.0,0.0,0.0,0.0,0.0,0.0,0.0,0.0,0.0,0.0,0.0,0.0,0.0,0.0,-0.5763823945868634,0.0,-0.5763823945868634,-0.5763823945868634,-0.5763823945868634,-0.34942160015621665,0.18751329427241656,-0.482013522098871,-0.2168296782135623,-0.6988432003124333,0.0,0.0,0.0,0.0,0.0,0.0,0.0,0.0,0.0,0.0,0.0,0.0,0.0,0.0,0.0,-0.6935581441608276,0.1295129965395014,-0.7851376622656989,-0.6019786260559563,-1.3871162883216552,0.0,0.0,0.0,0.0,0.0,0.3447215513531354,0.0,0.3447215513531354,0.3447215513531354,0.3447215513531354,0.0,0.0,0.0,0.0,0.0,-0.3568412835404082,0.0,-0.3568412835404082,-0.3568412835404082,-0.3568412835404082,-0.1653136832911652,0.0,-0.1653136832911652,-0.1653136832911652,-0.1653136832911652,0.0,0.0,0.0,0.0,0.0,0.20483674210392788,0.4488500183649317,-0.1125481496176217,0.5222216338254775,0.40967348420785576
ADORA1,0.0,0.0,0.0,0.0,0.0,0.0,0.0,0.0,0.0,0.0,0.0,0.0,0.0,0.0,0.0,0.0,0.0,0.0,0.0,0.0,0.0,0.0,0.0,0.0,0.0,0.0,0.0,0.0,0.0,0.0,0.0,0.0,0.0,0.0,0.0,-0.9521137418296064,0.0,-0.9521137418296064,-0.9521137418296064,-0.9521137418296064,0.0,0.0,0.0,0.0,0.0,0.0,0.0,0.0,0.0,0.0,-0.4196738470846544,0.0,-0.4196738470846544,-0.4196738470846544,-0.4196738470846544,0.0,0.0,0.0,0.0,0.0,0.0,0.0,0.0,0.0,0.0,0.0,0.0,0.0,0.0,0.0,0.0,0.0,0.0,0.0,0.0,0.0,0.0,0.0,0.0,0.0
ADORA2B,0.0,0.0,0.0,0.0,0.0,0.0,0.0,0.0,0.0,0.0,0.0,0.0,0.0,0.0,0.0,-0.5763823945868634,0.0,-0.5763823945868634,-0.5763823945868634,-0.5763823945868634,-0.2168296782135623,0.0,-0.2168296782135623,-0.2168296782135623,-0.2168296782135623,0.0,0.0,0.0,0.0,0.0,0.0,0.0,0.0,0.0,0.0,0.0,0.0,0.0,0.0,0.0,-0.6019786260559563,0.0,-0.6019786260559563,-0.6019786260559563,-0.6019786260559563,0.0,0.0,0.0,0.0,0.0,0.0,0.0,0.0,0.0,0.0,0.0,0.0,0.0,0.0,0.0,-0.3568412835404082,0.0,-0.3568412835404082,-0.3568412835404082,-0.3568412835404082,-0.1653136832911652,0.0,-0.1653136832911652,-0.1653136832911652,-0.1653136832911652,0.0,0.0,0.0,0.0,0.0,-0.1125481496176217,0.0,-0.1125481496176217,-0.1125481496176217,-0.1125481496176217
ADRA1A,0.0,0.0,0.0,0.0,0.0,0.0,0.0,0.0,0.0,0.0,0.0,0.0,0.0,0.0,0.0,0.0,0.0,0.0,0.0,0.0,0.0,0.0,0.0,0.0,0.0,0.0,0.0,0.0,0.0,0.0,0.0,0.0,0.0,0.0,0.0,0.0,0.0,0.0,0.0,0.0,0.0,0.0,0.0,0.0,0.0,0.0,0.0,0.0,0.0,0.0,-0.4222035195123546,0.0,-0.4222035195123546,-0.4222035195123546,-0.4222035195123546,0.0,0.0,0.0,0.0,0.0,0.0,0.0,0.0,0.0,0.0,0.0,0.0,0.0,0.0,0.0,-0.5974019599710729,0.0,-0.5974019599710729,-0.5974019599710729,-0.5974019599710729,0.0,0.0,0.0,0.0,0.0
ADRA1B,0.0,0.0,0.0,0.0,0.0,0.0,0.0,0.0,0.0,0.0,0.0,0.0,0.0,0.0,0.0,0.0,0.0,0.0,0.0,0.0,0.0,0.0,0.0,0.0,0.0,0.0,0.0,0.0,0.0,0.0,0.0,0.0,0.0,0.0,0.0,-0.72600119448939,0.0,-0.72600119448939,-0.72600119448939,-0.72600119448939,0.0,0.0,0.0,0.0,0.0,0.0,0.0,0.0,0.0,0.0,0.0,0.0,0.0,0.0,0.0,0.0,0.0,0.0,0.0,0.0,0.0,0.0,0.0,0.0,0.0,0.0,0.0,0.0,0.0,0.0,0.0,0.0,0.0,0.0,0.0,0.0,0.0,0.0,0.0,0.0
ADRA1D,0.0,0.0,0.0,0.0,0.0,0.0,0.0,0.0,0.0,0.0,0.0,0.0,0.0,0.0,0.0,0.0,0.0,0.0,0.0,0.0,0.0,0.0,0.0,0.0,0.0,0.0,0.0,0.0,0.0,0.0,0.0,0.0,0.0,0.0,0.0,-0.72600119448939,0.0,-0.72600119448939,-0.72600119448939,-0.72600119448939,0.0,0.0,0.0,0.0,0.0,0.0,0.0,0.0,0.0,0.0,0.0,0.0,0.0,0.0,0.0,0.0,0.0,0.0,0.0,0.0,0.0,0.0,0.0,0.0,0.0,0.0,0.0,0.0,0.0,0.0,0.0,0.0,0.0,0.0,0.0,0.0,0.0,0.0,0.0,0.0
ADRA2A,0.0,0.0,0.0,0.0,0.0,0.0,0.0,0.0,0.0,0.0,0.0,0.0,0.0,0.0,0.0,0.0,0.0,0.0,0.0,0.0,0.0,0.0,0.0,0.0,0.0,0.0,0.0,0.0,0.0,0.0,0.0,0.0,0.0,0.0,0.0,0.0,0.0,0.0,0.0,0.0,0.0,0.0,0.0,0.0,0.0,0.0,0.0,0.0,0.0,0.0,-0.4222035195123546,0.0,-0.4222035195123546,-0.4222035195123546,-0.4222035195123546,0.0,0.0,0.0,0.0,0.0,0.0,0.0,0.0,0.0,0.0,0.0,0.0,0.0,0.0,0.0,-0.5974019599710729,0.0,-0.5974019599710729,-0.5974019599710729,-0.5974019599710729,0.0,0.0,0.0,0.0,0.0
ADRA2B,0.0,0.0,0.0,0.0,0.0,0.0,0.0,0.0,0.0,0.0,0.0,0.0,0.0,0.0,0.0,0.0,0.0,0.0,0.0,0.0,0.0,0.0,0.0,0.0,0.0,0.0,0.0,0.0,0.0,0.0,0.0,0.0,0.0,0.0,0.0,0.0,0.0,0.0,0.0,0.0,0.0,0.0,0.0,0.0,0.0,0.0,0.0,0.0,0.0,0.0,-0.4222035195123546,0.0,-0.4222035195123546,-0.4222035195123546,-0.4222035195123546,0.0,0.0,0.0,0.0,0.0,0.0,0.0,0.0,0.0,0.0,0.0,0.0,0.0,0.0,0.0,-0.5974019599710729,0.0,-0.5974019599710729,-0.5974019599710729,-0.5974019599710729,0.0,0.0,0.0,0.0,0.0
ADRA2C,0.0,0.0,0.0,0.0,0.0,0.0,0.0,0.0,0.0,0.0,0.0,0.0,0.0,0.0,0.0,0.0,0.0,0.0,0.0,0.0,0.0,0.0,0.0,0.0,0.0,0.0,0.0,0.0,0.0,0.0,0.0,0.0,0.0,0.0,0.0,0.0,0.0,0.0,0.0,0.0,0.0,0.0,0.0,0.0,0.0,0.0,0.0,0.0,0.0,0.0,-0.4222035195123546,0.0,-0.4222035195123546,-0.4222035195123546,-0.4222035195123546,0.0,0.0,0.0,0.0,0.0,0.0,0.0,0.0,0.0,0.0,0.0,0.0,0.0,0.0,0.0,-0.5974019599710729,0.0,-0.5974019599710729,-0.5974019599710729,-0.5974019599710729,0.0,0.0,0.0,0.0,0.0
ADRB1,0.0,0.0,0.0,0.0,0.0,0.0,0.0,0.0,0.0,0.0,0.0226506539966209,0.0,0.0226506539966209,0.0226506539966209,0.0226506539966209,0.0,0.0,0.0,0.0,0.0,0.0,0.0,0.0,0.0,0.0,0.0,0.0,0.0,0.0,0.0,-0.4804867508112256,0.0,-0.4804867508112256,-0.4804867508112256,-0.4804867508112256,-0.5601201197567622,0.0,-0.5601201197567622,-0.5601201197567622,-0.5601201197567622,-0.4884361485179074,0.0,-0.4884361485179074,-0.4884361485179074,-0.4884361485179074,0.0,0.0,0.0,0.0,0.0,-0.6559961283807034,0.0,-0.6559961283807034,-0.6559961283807034,-0.6559961283807034,0.0,0.0,0.0,0.0,0.0,0.0,0.0,0.0,0.0,0.0,0.0,0.0,0.0,0.0,0.0,-0.5549177615706657,0.0,-0.5549177615706657,-0.5549177615706657,-0.5549177615706657,0.0,0.0,0.0,0.0,0.0
ADRB2,0.0,0.0,0.0,0.0,0.0,0.0,0.0,0.0,0.0,0.0,0.0226506539966209,0.0,0.0226506539966209,0.0226506539966209,0.0226506539966209,0.0,0.0,0.0,0.0,0.0,0.0,0.0,0.0,0.0,0.0,0.0,0.0,0.0,0.0,0.0,-0.4804867508112256,0.0,-0.4804867508112256,-0.4804867508112256,-0.4804867508112256,-0.5601201197567622,0.0,-0.5601201197567622,-0.5601201197567622,-0.5601201197567622,-0.4884361485179074,0.0,-0.4884361485179074,-0.4884361485179074,-0.4884361485179074,0.0,0.0,0.0,0.0,0.0,-0.6559961283807034,0.0,-0.6559961283807034,-0.6559961283807034,-0.6559961283807034,0.0,0.0,0.0,0.0,0.0,0.0,0.0,0.0,0.0,0.0,0.0,0.0,0.0,0.0,0.0,-0.5549177615706657,0.0,-0.5549177615706657,-0.5549177615706657,-0.5549177615706657,0.0,0.0,0.0,0.0,0.0
ADRB3,0.0,0.0,0.0,0.0,0.0,0.0,0.0,0.0,0.0,0.0,0.0,0.0,0.0,0.0,0.0,0.0,0.0,0.0,0.0,0.0,0.0,0.0,0.0,0.0,0.0,0.0,0.0,0.0,0.0,0.0,0.0,0.0,0.0,0.0,0.0,-1.0070394025827394,0.0,-1.0070394025827394,-1.0070394025827394,-1.0070394025827394,0.0,0.0,0.0,0.0,0.0,0.0,0.0,0.0,0.0,0.0,0.0,0.0,0.0,0.0,0.0,0.0,0.0,0.0,0.0,0.0,0.0,0.0,0.0,0.0,0.0,0.0,0.0,0.0,0.0,0.0,0.0,0.0,0.0,0.0,0.0,0.0,0.0,0.0,0.0,0.0
AKR1B10,0.0,0.0,0.0,0.0,0.0,0.0,0.0,0.0,0.0,0.0,0.0,0.0,0.0,0.0,0.0,0.0,0.0,0.0,0.0,0.0,0.0,0.0,0.0,0.0,0.0,0.0,0.0,0.0,0.0,0.0,0.0,0.0,0.0,0.0,0.0,-1.7527272831184817,0.0,-1.7527272831184817,-1.7527272831184817,-1.7527272831184817,-0.0951226532559132,0.0,-0.0951226532559132,-0.0951226532559132,-0.0951226532559132,0.0,0.0,0.0,0.0,0.0,0.0,0.0,0.0,0.0,0.0,0.0,0.0,0.0,0.0,0.0,0.0,0.0,0.0,0.0,0.0,0.0,0.0,0.0,0.0,0.0,0.0,0.0,0.0,0.0,0.0,0.0,0.0,0.0,0.0,0.0
AKR1C1,0.0,0.0,0.0,0.0,0.0,0.0,0.0,0.0,0.0,0.0,0.2356475934686344,0.0,0.2356475934686344,0.2356475934686344,0.2356475934686344,0.0,0.0,0.0,0.0,0.0,0.0,0.0,0.0,0.0,0.0,0.0,0.0,0.0,0.0,0.0,0.0,0.0,0.0,0.0,0.0,0.0,0.0,0.0,0.0,0.0,0.0,0.0,0.0,0.0,0.0,0.0,0.0,0.0,0.0,0.0,0.0,0.0,0.0,0.0,0.0,0.0,0.0,0.0,0.0,0.0,0.0,0.0,0.0,0.0,0.0,0.0,0.0,0.0,0.0,0.0,0.0,0.0,0.0,0.0,0.0,0.0,0.0,0.0,0.0,0.0
AKR1C2,0.0,0.0,0.0,0.0,0.0,0.0,0.0,0.0,0.0,0.0,0.2356475934686344,0.0,0.2356475934686344,0.2356475934686344,0.2356475934686344,0.0,0.0,0.0,0.0,0.0,0.0,0.0,0.0,0.0,0.0,0.0,0.0,0.0,0.0,0.0,0.0,0.0,0.0,0.0,0.0,0.0,0.0,0.0,0.0,0.0,0.0,0.0,0.0,0.0,0.0,0.0,0.0,0.0,0.0,0.0,0.0,0.0,0.0,0.0,0.0,0.0,0.0,0.0,0.0,0.0,0.0,0.0,0.0,0.0,0.0,0.0,0.0,0.0,0.0,0.0,0.0,0.0,0.0,0.0,0.0,0.0,0.0,0.0,0.0,0.0
AKR1C3,0.0,0.0,0.0,0.0,0.0,0.0,0.0,0.0,0.0,0.0,0.2356475934686344,0.0,0.2356475934686344,0.2356475934686344,0.2356475934686344,0.0,0.0,0.0,0.0,0.0,0.0,0.0,0.0,0.0,0.0,0.0,0.0,0.0,0.0,0.0,0.0,0.0,0.0,0.0,0.0,0.0,0.0,0.0,0.0,0.0,0.0,0.0,0.0,0.0,0.0,0.0,0.0,0.0,0.0,0.0,0.0,0.0,0.0,0.0,0.0,0.0,0.0,0.0,0.0,0.0,0.0,0.0,0.0,0.0,0.0,0.0,0.0,0.0,0.0,0.0,0.0,0.0,0.0,0.0,0.0,0.0,0.0,0.0,0.0,0.0
AKR1C4,0.0,0.0,0.0,0.0,0.0,0.0,0.0,0.0,0.0,0.0,0.2356475934686344,0.0,0.2356475934686344,0.2356475934686344,0.2356475934686344,0.0,0.0,0.0,0.0,0.0,0.0,0.0,0.0,0.0,0.0,0.0,0.0,0.0,0.0,0.0,0.0,0.0,0.0,0.0,0.0,0.0,0.0,0.0,0.0,0.0,0.0,0.0,0.0,0.0,0.0,0.0,0.0,0.0,0.0,0.0,0.0,0.0,0.0,0.0,0.0,0.0,0.0,0.0,0.0,0.0,0.0,0.0,0.0,0.0,0.0,0.0,0.0,0.0,0.0,0.0,0.0,0.0,0.0,0.0,0.0,0.0,0.0,0.0,0.0,0.0
ALB,0.0,0.0,0.0,0.0,0.0,0.0,0.0,0.0,0.0,0.0,0.054235682106909266,0.17397553073468489,-0.1017835461429168,0.2418399384670237,0.1627070463207278,-0.3803457674424866,0.8752665298407535,-0.999252666038501,0.2385611311535278,-0.7606915348849732,0.0,0.0,0.0,0.0,0.0,0.0,0.0,0.0,0.0,0.0,-0.4804867508112256,0.0,-0.4804867508112256,-0.4804867508112256,-0.4804867508112256,-0.3507822625985655,0.49355986587221384,-0.93218411340378,0.9818616389731174,-4.209387151182786,-0.13985380797420355,0.49148485129913333,-0.7851376622656989,0.3977086226612929,-0.6992690398710177,0.0,0.0,0.0,0.0,0.0,0.061164699468885385,1.1345630224696923,-0.6656210872091517,2.514772844129258,0.4281528962821977,0.0,0.0,0.0,0.0,0.0,0.0,0.0,0.0,0.0,0.0,0.5947641780444077,1.3314591281756738,-0.2660121012499328,2.580384974496262,2.379056712177631,-0.8146922726495814,0.2950751838780627,-1.1355173889866172,-0.5549177615706657,-2.444076817948744,0.5222216338254775,0.0,0.5222216338254775,0.5222216338254775,0.5222216338254775
AOX1,-0.5495417895309078,0.0,-0.5495417895309078,-0.5495417895309078,-0.5495417895309078,0.0,0.0,0.0,0.0,0.0,-0.296612434859222,0.0,-0.296612434859222,-0.296612434859222,-0.296612434859222,0.0,0.0,0.0,0.0,0.0,0.0,0.0,0.0,0.0,0.0,0.0,0.0,0.0,0.0,0.0,-0.7238184736771327,0.0,-0.7238184736771327,-0.7238184736771327,-0.7238184736771327,-0.4713167667672469,0.0,-0.4713167667672469,-0.4713167667672469,-0.4713167667672469,0.0,0.0,0.0,0.0,0.0,0.0,0.0,0.0,0.0,0.0,-0.4408359282647929,0.0,-0.4408359282647929,-0.4408359282647929,-0.4408359282647929,0.0,0.0,0.0,0.0,0.0,0.0,0.0,0.0,0.0,0.0,0.0,0.0,0.0,0.0,0.0,-0.7575862513884761,0.0,-0.7575862513884761,-0.7575862513884761,-0.7575862513884761,0.0,0.0,0.0,0.0,0.0
AR,0.0,0.0,0.0,0.0,0.0,0.0,0.0,0.0,0.0,0.0,0.0,0.0,0.0,0.0,0.0,0.0,0.0,0.0,0.0,0.0,0.0,0.0,0.0,0.0,0.0,0.0,0.0,0.0,0.0,0.0,0.0,0.0,0.0,0.0,0.0,0.0,0.0,0.0,0.0,0.0,0.0,0.0,0.0,0.0,0.0,0.0,0.0,0.0,0.0,0.0,-0.501900294573872,0.0,-0.501900294573872,-0.501900294573872,-0.501900294573872,0.0,0.0,0.0,0.0,0.0,0.0,0.0,0.0,0.0,0.0,0.0,0.0,0.0,0.0,0.0,-1.1762069099477337,0.0,-1.1762069099477337,-1.1762069099477337,-1.1762069099477337,0.0,0.0,0.0,0.0,0.0
BCHE,0.0,0.0,0.0,0.0,0.0,-0.2016072320688664,0.0,-0.2016072320688664,-0.2016072320688664,-0.2016072320688664,0.0,0.0,0.0,0.0,0.0,0.0,0.0,0.0,0.0,0.0,-0.482013522098871,0.0,-0.482013522098871,-0.482013522098871,-0.482013522098871,-1.077719263108631,0.0,-1.077719263108631,-1.077719263108631,-1.077719263108631,0.0,0.0,0.0,0.0,0.0,0.0,0.0,0.0,0.0,0.0,0.0,0.0,0.0,0.0,0.0,0.0,0.0,0.0,0.0,0.0,-0.9612872582749395,0.0,-0.9612872582749395,-0.9612872582749395,-0.9612872582749395,0.0,0.0,0.0,0.0,0.0,0.0,0.0,0.0,0.0,0.0,-0.5003665076299519,0.426554582509171,-0.8019861454683834,-0.1987468697915204,-1.0007330152599039,0.0,0.0,0.0,0.0,0.0,0.0,0.0,0.0,0.0,0.0
BCR,0.0,0.0,0.0,0.0,0.0,0.0,0.0,0.0,0.0,0.0,0.0,0.0,0.0,0.0,0.0,0.0,0.0,0.0,0.0,0.0,0.0,0.0,0.0,0.0,0.0,0.0,0.0,0.0,0.0,0.0,0.0,0.0,0.0,0.0,0.0,0.0,0.0,0.0,0.0,0.0,0.0,0.0,0.0,0.0,0.0,0.0,0.0,0.0,0.0,0.0,0.0,0.0,0.0,0.0,0.0,0.0,0.0,0.0,0.0,0.0,0.656957082371072,0.0,0.656957082371072,0.656957082371072,0.656957082371072,0.0,0.0,0.0,0.0,0.0,0.0,0.0,0.0,0.0,0.0,0.012034258661959299,0.24010263649872685,-0.1577439437870591,0.1818124611109777,0.024068517323918598
BDKRB1,0.0,0.0,0.0,0.0,0.0,0.0,0.0,0.0,0.0,0.0,0.0,0.0,0.0,0.0,0.0,-0.8291411514213198,0.0,-0.8291411514213198,-0.8291411514213198,-0.8291411514213198,0.4786825935646952,0.0,0.4786825935646952,0.4786825935646952,0.4786825935646952,0.0,0.0,0.0,0.0,0.0,0.0,0.0,0.0,0.0,0.0,-0.427521145551303,0.0,-0.427521145551303,-0.427521145551303,-0.427521145551303,0.0,0.0,0.0,0.0,0.0,0.0,0.0,0.0,0.0,0.0,0.0,0.0,0.0,0.0,0.0,-1.340930746824771,0.0,-1.340930746824771,-1.340930746824771,-1.340930746824771,0.0,0.0,0.0,0.0,0.0,0.0,0.0,0.0,0.0,0.0,0.0,0.0,0.0,0.0,0.0,0.0,0.0,0.0,0.0,0.0
BECN1,0.0,0.0,0.0,0.0,0.0,0.0,0.0,0.0,0.0,0.0,0.0,0.0,0.0,0.0,0.0,0.0,0.0,0.0,0.0,0.0,0.0,0.0,0.0,0.0,0.0,0.0,0.0,0.0,0.0,0.0,-0.3322229299881893,0.0,-0.3322229299881893,-0.3322229299881893,-0.3322229299881893,-0.5816386577667121,0.0,-0.5816386577667121,-0.5816386577667121,-0.5816386577667121,0.0,0.0,0.0,0.0,0.0,0.0,0.0,0.0,0.0,0.0,0.0,0.0,0.0,0.0,0.0,0.0,0.0,0.0,0.0,0.0,0.0,0.0,0.0,0.0,0.0,0.0,0.0,0.0,0.0,0.0,0.0,0.0,0.0,0.0,0.0,0.0,0.0,0.0,0.0,0.0
BTK,0.0,0.0,0.0,0.0,0.0,0.0,0.0,0.0,0.0,0.0,0.0,0.0,0.0,0.0,0.0,0.0,0.0,0.0,0.0,0.0,0.0,0.0,0.0,0.0,0.0,0.0,0.0,0.0,0.0,0.0,0.0,0.0,0.0,0.0,0.0,0.0,0.0,0.0,0.0,0.0,0.0,0.0,0.0,0.0,0.0,0.0,0.0,0.0,0.0,0.0,0.0,0.0,0.0,0.0,0.0,0.0,0.0,0.0,0.0,0.0,0.656957082371072,0.0,0.656957082371072,0.656957082371072,0.656957082371072,0.0,0.0,0.0,0.0,0.0,0.0,0.0,0.0,0.0,0.0,0.1818124611109777,0.0,0.1818124611109777,0.1818124611109777,0.1818124611109777
CBR1,0.0,0.0,0.0,0.0,0.0,0.0,0.0,0.0,0.0,0.0,0.2356475934686344,0.0,0.2356475934686344,0.2356475934686344,0.2356475934686344,0.0,0.0,0.0,0.0,0.0,0.0,0.0,0.0,0.0,0.0,0.0,0.0,0.0,0.0,0.0,0.0,0.0,0.0,0.0,0.0,0.0,0.0,0.0,0.0,0.0,0.0,0.0,0.0,0.0,0.0,0.0,0.0,0.0,0.0,0.0,0.0,0.0,0.0,0.0,0.0,0.0,0.0,0.0,0.0,0.0,0.0,0.0,0.0,0.0,0.0,0.0,0.0,0.0,0.0,0.0,0.0,0.0,0.0,0.0,0.0,0.0,0.0,0.0,0.0,0.0
CBR3,0.0,0.0,0.0,0.0,0.0,0.0,0.0,0.0,0.0,0.0,0.2356475934686344,0.0,0.2356475934686344,0.2356475934686344,0.2356475934686344,0.0,0.0,0.0,0.0,0.0,0.0,0.0,0.0,0.0,0.0,0.0,0.0,0.0,0.0,0.0,0.0,0.0,0.0,0.0,0.0,0.0,0.0,0.0,0.0,0.0,0.0,0.0,0.0,0.0,0.0,0.0,0.0,0.0,0.0,0.0,0.0,0.0,0.0,0.0,0.0,0.0,0.0,0.0,0.0,0.0,0.0,0.0,0.0,0.0,0.0,0.0,0.0,0.0,0.0,0.0,0.0,0.0,0.0,0.0,0.0,0.0,0.0,0.0,0.0,0.0
CES1,0.0,0.0,0.0,0.0,0.0,0.0,0.0,0.0,0.0,0.0,0.0,0.0,0.0,0.0,0.0,0.0,0.0,0.0,0.0,0.0,0.0,0.0,0.0,0.0,0.0,0.0,0.0,0.0,0.0,0.0,0.0,0.0,0.0,0.0,0.0,-0.2887825554547358,0.0,-0.2887825554547358,-0.2887825554547358,-0.2887825554547358,-0.2419164112640377,0.0,-0.2419164112640377,-0.2419164112640377,-0.2419164112640377,0.0,0.0,0.0,0.0,0.0,0.0,0.0,0.0,0.0,0.0,0.0,0.0,0.0,0.0,0.0,0.0,0.0,0.0,0.0,0.0,-0.1987468697915204,0.0,-0.1987468697915204,-0.1987468697915204,-0.1987468697915204,0.0,0.0,0.0,0.0,0.0,0.0,0.0,0.0,0.0,0.0
CES2,0.0,0.0,0.0,0.0,0.0,0.0,0.0,0.0,0.0,0.0,0.0,0.0,0.0,0.0,0.0,0.0,0.0,0.0,0.0,0.0,0.0,0.0,0.0,0.0,0.0,0.0,0.0,0.0,0.0,0.0,-0.1665744940904758,0.0,-0.1665744940904758,-0.1665744940904758,-0.1665744940904758,0.0,0.0,0.0,0.0,0.0,0.0,0.0,0.0,0.0,0.0,0.0,0.0,0.0,0.0,0.0,0.0,0.0,0.0,0.0,0.0,0.0,0.0,0.0,0.0,0.0,0.0,0.0,0.0,0.0,0.0,0.0,0.0,0.0,0.0,0.0,0.0,0.0,0.0,0.0,0.0,0.0,0.0,0.0,0.0,0.0
CHRM1,0.0,0.0,0.0,0.0,0.0,0.0,0.0,0.0,0.0,0.0,0.0,0.0,0.0,0.0,0.0,0.0,0.0,0.0,0.0,0.0,0.0,0.0,0.0,0.0,0.0,0.0,0.0,0.0,0.0,0.0,0.0,0.0,0.0,0.0,0.0,-0.9521137418296064,0.0,-0.9521137418296064,-0.9521137418296064,-0.9521137418296064,0.0,0.0,0.0,0.0,0.0,0.0,0.0,0.0,0.0,0.0,-0.4196738470846544,0.0,-0.4196738470846544,-0.4196738470846544,-0.4196738470846544,0.0,0.0,0.0,0.0,0.0,0.0,0.0,0.0,0.0,0.0,0.0,0.0,0.0,0.0,0.0,0.0,0.0,0.0,0.0,0.0,0.0,0.0,0.0,0.0,0.0
CHRM3,0.0,0.0,0.0,0.0,0.0,0.0,0.0,0.0,0.0,0.0,0.0,0.0,0.0,0.0,0.0,0.0,0.0,0.0,0.0,0.0,0.0,0.0,0.0,0.0,0.0,0.0,0.0,0.0,0.0,0.0,0.0,0.0,0.0,0.0,0.0,0.0,0.0,0.0,0.0,0.0,0.0,0.0,0.0,0.0,0.0,0.0,0.0,0.0,0.0,0.0,-0.4222035195123546,0.0,-0.4222035195123546,-0.4222035195123546,-0.4222035195123546,0.0,0.0,0.0,0.0,0.0,0.0,0.0,0.0,0.0,0.0,0.0,0.0,0.0,0.0,0.0,-0.5974019599710729,0.0,-0.5974019599710729,-0.5974019599710729,-0.5974019599710729,0.0,0.0,0.0,0.0,0.0
CHRM4,0.0,0.0,0.0,0.0,0.0,0.0,0.0,0.0,0.0,0.0,0.0,0.0,0.0,0.0,0.0,0.0,0.0,0.0,0.0,0.0,0.0,0.0,0.0,0.0,0.0,0.0,0.0,0.0,0.0,0.0,0.0,0.0,0.0,0.0,0.0,-0.7252194804099492,0.0,-0.7252194804099492,-0.7252194804099492,-0.7252194804099492,0.0,0.0,0.0,0.0,0.0,0.0,0.0,0.0,0.0,0.0,-0.346488154892528,0.07979831748939785,-0.4029140863165583,-0.2900622234684977,-0.692976309785056,0.0,0.0,0.0,0.0,0.0,0.0,0.0,0.0,0.0,0.0,0.0,0.0,0.0,0.0,0.0,0.0,0.0,0.0,0.0,0.0,0.0,0.0,0.0,0.0,0.0
CHRM5,0.0,0.0,0.0,0.0,0.0,0.0,0.0,0.0,0.0,0.0,0.0,0.0,0.0,0.0,0.0,0.0,0.0,0.0,0.0,0.0,0.0,0.0,0.0,0.0,0.0,0.0,0.0,0.0,0.0,0.0,0.0,0.0,0.0,0.0,0.0,0.0,0.0,0.0,0.0,0.0,0.0,0.0,0.0,0.0,0.0,0.0,0.0,0.0,0.0,0.0,-0.4029140863165583,0.0,-0.4029140863165583,-0.4029140863165583,-0.4029140863165583,0.0,0.0,0.0,0.0,0.0,0.0,0.0,0.0,0.0,0.0,0.0,0.0,0.0,0.0,0.0,0.0,0.0,0.0,0.0,0.0,0.0,0.0,0.0,0.0,0.0
CHRNA2,0.0,0.0,0.0,0.0,0.0,0.0,0.0,0.0,0.0,0.0,0.0,0.0,0.0,0.0,0.0,0.0,0.0,0.0,0.0,0.0,0.0,0.0,0.0,0.0,0.0,0.0,0.0,0.0,0.0,0.0,-0.5100084981472826,0.0,-0.5100084981472826,-0.5100084981472826,-0.5100084981472826,0.0,0.0,0.0,0.0,0.0,0.0,0.0,0.0,0.0,0.0,0.0,0.0,0.0,0.0,0.0,0.0,0.0,0.0,0.0,0.0,0.0,0.0,0.0,0.0,0.0,0.0,0.0,0.0,0.0,0.0,0.0,0.0,0.0,0.0,0.0,-0.8961750085251179,0.0,-0.8961750085251179,-0.8961750085251179,-0.8961750085251179,0.0,0.0,0.0,0.0,0.0
CHRNA3,0.0,0.0,0.0,0.0,0.0,0.0,0.0,0.0,0.0,0.0,0.0,0.0,0.0,0.0,0.0,0.0,0.0,0.0,0.0,0.0,0.0,0.0,0.0,0.0,0.0,0.0,0.0,0.0,0.0,0.0,-0.5100084981472826,0.0,-0.5100084981472826,-0.5100084981472826,-0.5100084981472826,0.0,0.0,0.0,0.0,0.0,0.0,0.0,0.0,0.0,0.0,0.0,0.0,0.0,0.0,0.0,-0.1442417667029545,0.0,-0.1442417667029545,-0.1442417667029545,-0.1442417667029545,0.0,0.0,0.0,0.0,0.0,0.0,0.0,0.0,0.0,0.0,0.0,0.0,0.0,0.0,0.0,-0.8961750085251179,0.0,-0.8961750085251179,-0.8961750085251179,-0.8961750085251179,0.0,0.0,0.0,0.0,0.0
CHRNA4,0.0,0.0,0.0,0.0,0.0,0.0,0.0,0.0,0.0,0.0,0.0,0.0,0.0,0.0,0.0,0.0,0.0,0.0,0.0,0.0,-0.036684053329132355,0.004941274329697414,-0.0401780619153644,-0.0331900447429003,-0.07336810665826471,0.0,0.0,0.0,0.0,0.0,-0.3322229299881893,0.0,-0.3322229299881893,-0.3322229299881893,-0.3322229299881893,-0.5689768383056784,0.017906516806113493,-0.5816386577667121,-0.5563150188446446,-1.1379536766113567,-0.6695614321233592,0.0,-0.6695614321233592,-0.6695614321233592,-0.6695614321233592,0.0,0.0,0.0,0.0,0.0,-0.1442417667029545,0.0,-0.1442417667029545,-0.1442417667029545,-0.1442417667029545,0.0,0.0,0.0,0.0,0.0,0.0,0.0,0.0,0.0,0.0,-0.3586910540490571,0.0,-0.3586910540490571,-0.3586910540490571,-0.3586910540490571,0.0,0.0,0.0,0.0,0.0,0.0,0.0,0.0,0.0,0.0
CHRNA7,0.0,0.0,0.0,0.0,0.0,0.0,0.0,0.0,0.0,0.0,0.0,0.0,0.0,0.0,0.0,0.0,0.0,0.0,0.0,0.0,0.0,0.0,0.0,0.0,0.0,0.0,0.0,0.0,0.0,0.0,0.0,0.0,0.0,0.0,0.0,0.0,0.0,0.0,0.0,0.0,0.0,0.0,0.0,0.0,0.0,0.0,0.0,0.0,0.0,0.0,-0.1442417667029545,0.0,-0.1442417667029545,-0.1442417667029545,-0.1442417667029545,0.0,0.0,0.0,0.0,0.0,0.0,0.0,0.0,0.0,0.0,0.0,0.0,0.0,0.0,0.0,0.0,0.0,0.0,0.0,0.0,0.0,0.0,0.0,0.0,0.0
CHRNB2,0.0,0.0,0.0,0.0,0.0,0.0,0.0,0.0,0.0,0.0,0.0,0.0,0.0,0.0,0.0,0.0,0.0,0.0,0.0,0.0,-0.036684053329132355,0.00494127432969741,-0.0401780619153644,-0.0331900447429003,-0.07336810665826471,0.0,0.0,0.0,0.0,0.0,0.0,0.0,0.0,0.0,0.0,-0.5563150188446446,0.0,-0.5563150188446446,-0.5563150188446446,-0.5563150188446446,-0.6695614321233592,0.0,-0.6695614321233592,-0.6695614321233592,-0.6695614321233592,0.0,0.0,0.0,0.0,0.0,0.0,0.0,0.0,0.0,0.0,0.0,0.0,0.0,0.0,0.0,0.0,0.0,0.0,0.0,0.0,-0.3586910540490571,0.0,-0.3586910540490571,-0.3586910540490571,-0.3586910540490571,0.0,0.0,0.0,0.0,0.0,0.0,0.0,0.0,0.0,0.0
CHRNB4,0.0,0.0,0.0,0.0,0.0,0.0,0.0,0.0,0.0,0.0,0.0,0.0,0.0,0.0,0.0,0.0,0.0,0.0,0.0,0.0,0.0,0.0,0.0,0.0,0.0,0.0,0.0,0.0,0.0,0.0,-0.5100084981472826,0.0,-0.5100084981472826,-0.5100084981472826,-0.5100084981472826,0.0,0.0,0.0,0.0,0.0,0.0,0.0,0.0,0.0,0.0,0.0,0.0,0.0,0.0,0.0,0.0,0.0,0.0,0.0,0.0,0.0,0.0,0.0,0.0,0.0,0.0,0.0,0.0,0.0,0.0,0.0,0.0,0.0,0.0,0.0,-0.8961750085251179,0.0,-0.8961750085251179,-0.8961750085251179,-0.8961750085251179,0.0,0.0,0.0,0.0,0.0
CKS1B,0.0,0.0,0.0,0.0,0.0,0.0,0.0,0.0,0.0,0.0,0.0,0.0,0.0,0.0,0.0,0.0,0.0,0.0,0.0,0.0,0.0,0.0,0.0,0.0,0.0,0.0,0.0,0.0,0.0,0.0,-0.5100084981472826,0.0,-0.5100084981472826,-0.5100084981472826,-0.5100084981472826,0.0,0.0,0.0,0.0,0.0,0.0,0.0,0.0,0.0,0.0,0.0,0.0,0.0,0.0,0.0,0.0,0.0,0.0,0.0,0.0,0.0,0.0,0.0,0.0,0.0,0.0,0.0,0.0,0.0,0.0,0.0,0.0,0.0,0.0,0.0,-0.8961750085251179,0.0,-0.8961750085251179,-0.8961750085251179,-0.8961750085251179,0.0,0.0,0.0,0.0,0.0
COMT,0.0,0.0,0.0,0.0,0.0,0.0,0.0,0.0,0.0,0.0,0.0,0.0,0.0,0.0,0.0,-0.3443630022847461,0.0,-0.3443630022847461,-0.3443630022847461,-0.3443630022847461,0.0,0.0,0.0,0.0,0.0,0.0,0.0,0.0,0.0,0.0,0.0,0.0,0.0,0.0,0.0,-0.8698317743030746,0.0,-0.8698317743030746,-0.8698317743030746,-0.8698317743030746,0.0,0.0,0.0,0.0,0.0,0.0,0.0,0.0,0.0,0.0,0.0,0.0,0.0,0.0,0.0,0.0,0.0,0.0,0.0,0.0,0.0,0.0,0.0,0.0,0.0,-0.267343186135438,0.0,-0.267343186135438,-0.267343186135438,-0.267343186135438,0.0,0.0,0.0,0.0,0.0,0.0,0.0,0.0,0.0,0.0
CPNE1,0.0,0.0,0.0,0.0,0.0,0.0,0.0,0.0,0.0,0.0,0.0,0.0,0.0,0.0,0.0,0.0,0.0,0.0,0.0,0.0,0.0,0.0,0.0,0.0,0.0,0.0,0.0,0.0,0.0,0.0,0.0,0.0,0.0,0.0,0.0,0.0,0.0,0.0,0.0,0.0,0.0,0.0,0.0,0.0,0.0,0.0,0.0,0.0,0.0,0.0,0.0,0.0,0.0,0.0,0.0,0.0,0.0,0.0,0.0,0.0,0.0,0.0,0.0,0.0,0.0,0.0479445569449783,0.0,0.0479445569449783,0.0479445569449783,0.0479445569449783,0.0,0.0,0.0,0.0,0.0,0.0,0.0,0.0,0.0,0.0
CSK,0.0,0.0,0.0,0.0,0.0,0.0,0.0,0.0,0.0,0.0,0.0,0.0,0.0,0.0,0.0,0.0,0.0,0.0,0.0,0.0,0.0,0.0,0.0,0.0,0.0,0.0,0.0,0.0,0.0,0.0,0.0,0.0,0.0,0.0,0.0,0.0,0.0,0.0,0.0,0.0,0.0,0.0,0.0,0.0,0.0,0.0,0.0,0.0,0.0,0.0,0.0,0.0,0.0,0.0,0.0,0.0,0.0,0.0,0.0,0.0,0.656957082371072,0.0,0.656957082371072,0.656957082371072,0.656957082371072,0.0,0.0,0.0,0.0,0.0,0.0,0.0,0.0,0.0,0.0,0.1818124611109777,0.0,0.1818124611109777,0.1818124611109777,0.1818124611109777
CYP11B1,0.0,0.0,0.0,0.0,0.0,0.0,0.0,0.0,0.0,0.0,0.0,0.0,0.0,0.0,0.0,0.0,0.0,0.0,0.0,0.0,0.0,0.0,0.0,0.0,0.0,0.0,0.0,0.0,0.0,0.0,0.0,0.0,0.0,0.0,0.0,-0.93218411340378,0.0,-0.93218411340378,-0.93218411340378,-0.93218411340378,0.0,0.0,0.0,0.0,0.0,0.0,0.0,0.0,0.0,0.0,-0.2642539292953962,0.0,-0.2642539292953962,-0.2642539292953962,-0.2642539292953962,0.0,0.0,0.0,0.0,0.0,0.0,0.0,0.0,0.0,0.0,-0.2660121012499328,0.0,-0.2660121012499328,-0.2660121012499328,-0.2660121012499328,0.0,0.0,0.0,0.0,0.0,0.0,0.0,0.0,0.0,0.0
CYP1A2,0.0,0.0,0.0,0.0,0.0,0.0,0.0,0.0,0.0,0.0,0.0,0.0,0.0,0.0,0.0,0.0,0.0,0.0,0.0,0.0,0.0,0.0,0.0,0.0,0.0,0.0,0.0,0.0,0.0,0.0,0.0,0.0,0.0,0.0,0.0,-0.6466044817382102,0.27015935076327224,-0.8376359906638751,-0.4555729728125453,-1.2932089634764203,0.0,0.0,0.0,0.0,0.0,0.0,0.0,0.0,0.0,0.0,-0.3547710362817149,0.0,-0.3547710362817149,-0.3547710362817149,-0.3547710362817149,0.0,0.0,0.0,0.0,0.0,0.0,0.0,0.0,0.0,0.0,0.0,0.0,0.0,0.0,0.0,0.0,0.0,0.0,0.0,0.0,0.0,0.0,0.0,0.0,0.0
CYP2B6,0.0,0.0,0.0,0.0,0.0,0.0,0.0,0.0,0.0,0.0,0.0,0.0,0.0,0.0,0.0,0.0,0.0,0.0,0.0,0.0,0.0,0.0,0.0,0.0,0.0,0.0,0.0,0.0,0.0,0.0,0.0,0.0,0.0,0.0,0.0,0.0,0.0,0.0,0.0,0.0,0.0,0.0,0.0,0.0,0.0,0.0,0.0,0.0,0.0,0.0,-0.2950945268770173,0.0,-0.2950945268770173,-0.2950945268770173,-0.2950945268770173,0.0,0.0,0.0,0.0,0.0,0.0,0.0,0.0,0.0,0.0,0.0,0.0,0.0,0.0,0.0,0.0,0.0,0.0,0.0,0.0,0.0,0.0,0.0,0.0,0.0
CYP2C19,0.0,0.0,0.0,0.0,0.0,0.0,0.0,0.0,0.0,0.0,0.0,0.0,0.0,0.0,0.0,0.0,0.0,0.0,0.0,0.0,-0.2135129107515823,0.0,-0.2135129107515823,-0.2135129107515823,-0.2135129107515823,0.0,0.0,0.0,0.0,0.0,0.0,0.0,0.0,0.0,0.0,-1.3298291530646846,0.0,-1.3298291530646846,-1.3298291530646846,-1.3298291530646846,0.0,0.0,0.0,0.0,0.0,0.0,0.0,0.0,0.0,0.0,-0.4176303162438888,0.17329177519872255,-0.5401661056107603,-0.2950945268770173,-0.8352606324877776,0.0,0.0,0.0,0.0,0.0,0.0,0.0,0.0,0.0,0.0,-0.5917718426913918,0.0,-0.5917718426913918,-0.5917718426913918,-0.5917718426913918,0.0,0.0,0.0,0.0,0.0,0.0,0.0,0.0,0.0,0.0
CYP2C8,-0.4911643324698271,0.0,-0.4911643324698271,-0.4911643324698271,-0.4911643324698271,0.0,0.0,0.0,0.0,0.0,0.0,0.0,0.0,0.0,0.0,0.0,0.0,0.0,0.0,0.0,0.0,0.0,0.0,0.0,0.0,0.0,0.0,0.0,0.0,0.0,0.0,0.0,0.0,0.0,0.0,0.0,0.0,0.0,0.0,0.0,0.0,0.0,0.0,0.0,0.0,-0.600880662648489,0.0,-0.600880662648489,-0.600880662648489,-0.600880662648489,0.0,0.0,0.0,0.0,0.0,0.0,0.0,0.0,0.0,0.0,0.0,0.0,0.0,0.0,0.0,0.0,0.0,0.0,0.0,0.0,0.0,0.0,0.0,0.0,0.0,-0.5518159153166673,0.557301926688276,-0.9458878868462754,-0.1577439437870591,-1.1036318306333346
CYP2E1,0.0,0.0,0.0,0.0,0.0,0.0,0.0,0.0,0.0,0.0,0.0,0.0,0.0,0.0,0.0,0.0,0.0,0.0,0.0,0.0,0.0,0.0,0.0,0.0,0.0,0.0,0.0,0.0,0.0,0.0,0.0,0.0,0.0,0.0,0.0,0.0,0.0,0.0,0.0,0.0,0.0,0.0,0.0,0.0,0.0,0.0,0.0,0.0,0.0,0.0,0.0,0.0,0.0,0.0,0.0,0.0,0.0,0.0,0.0,0.0,0.0,0.0,0.0,0.0,0.0,-0.0620793681923093,0.0,-0.0620793681923093,-0.0620793681923093,-0.0620793681923093,0.0,0.0,0.0,0.0,0.0,0.0,0.0,0.0,0.0,0.0
CYP3A4,0.0,0.0,0.0,0.0,0.0,0.0,0.0,0.0,0.0,0.0,0.0,0.0,0.0,0.0,0.0,0.0,0.0,0.0,0.0,0.0,0.120653493278074,0.5743558277638483,-0.2135129107515823,0.7838558621265488,0.36196047983422197,0.0,0.0,0.0,0.0,0.0,0.0,0.0,0.0,0.0,0.0,-0.9132774421509022,0.28705054625083176,-1.3298291530646846,-0.6338493701217676,-4.566387210754511,-0.7851376622656989,0.0,-0.7851376622656989,-0.7851376622656989,-0.7851376622656989,0.0,0.0,0.0,0.0,0.0,-0.1280006854388649,0.3968200170200222,-0.5401661056107603,0.3447215513531354,-0.5120027417554596,0.0,0.0,0.0,0.0,0.0,0.0,0.0,0.0,0.0,0.0,-0.32692560544185056,0.37454914066178363,-0.5917718426913918,-0.0620793681923093,-0.6538512108837011,0.0,0.0,0.0,0.0,0.0,-0.7282985323783738,1.7685025790665436,-1.9788186985822251,0.5222216338254775,-1.4565970647567477
CYP3A7,0.0,0.0,0.0,0.0,0.0,0.0,0.0,0.0,0.0,0.0,0.07490823533718928,0.12746033923312675,-0.1017835461429168,0.2418399384670237,0.3745411766859464,0.0,0.0,0.0,0.0,0.0,-0.3604601402039851,0.7258971324072108,-0.873746924972993,0.1528266445650228,-0.7209202804079702,0.0,0.0,0.0,0.0,0.0,-0.41115902377908886,0.17622437497949256,-0.6820592237269825,-0.2273188813147637,-2.0557951188954444,-0.7114018659972202,0.24735043646132715,-1.0603108150263996,-0.3296246199192971,-4.979813061980542,-0.26644731492664775,0.3139396191601435,-0.4884361485179074,-0.0444584813353881,-0.5328946298532955,0.0,0.0,0.0,0.0,0.0,-0.2691372244737881,0.3665620994743898,-0.6559961283807034,0.6991900349198463,-2.691372244737881,0.0,0.0,0.0,0.0,0.0,0.0,0.0,0.0,0.0,0.0,-0.15490647283746442,0.138337832581876,-0.2660121012499328,3.955252905996076e-05,-0.46471941851239323,-0.8432309316496703,0.2647364619212432,-1.1355480737708683,-0.5549177615706657,-5.902616521547692,0.28087891118004205,0.6203063902612815,-0.1577439437870591,0.7195017661471432,0.5617578223600841
DRD2,0.0,0.0,0.0,0.0,0.0,0.0,0.0,0.0,0.0,0.0,0.0,0.0,0.0,0.0,0.0,0.0,0.0,0.0,0.0,0.0,-0.2135129107515823,0.0,-0.2135129107515823,-0.2135129107515823,-0.2135129107515823,0.0,0.0,0.0,0.0,0.0,0.0,0.0,0.0,0.0,0.0,-1.0985664836011324,0.3270548036259618,-1.3298291530646846,-0.8673038141375802,-2.197132967202265,0.0,0.0,0.0,0.0,0.0,0.0,0.0,0.0,0.0,0.0,-0.5401661056107603,0.0,-0.5401661056107603,-0.5401661056107603,-0.5401661056107603,0.0,0.0,0.0,0.0,0.0,0.0,0.0,0.0,0.0,0.0,-0.5917718426913918,0.0,-0.5917718426913918,-0.5917718426913918,-0.5917718426913918,-0.2089667088802898,0.0,-0.2089667088802898,-0.2089667088802898,-0.2089667088802898,0.0,0.0,0.0,0.0,0.0
DRD3,0.0,0.0,0.0,0.0,0.0,0.0,0.0,0.0,0.0,0.0,0.2418399384670237,0.0,0.2418399384670237,0.2418399384670237,0.2418399384670237,0.0,0.0,0.0,0.0,0.0,0.0,0.0,0.0,0.0,0.0,0.0,0.0,0.0,0.0,0.0,0.0,0.0,0.0,0.0,0.0,0.0,0.0,0.0,0.0,0.0,0.0,0.0,0.0,0.0,0.0,0.0,0.0,0.0,0.0,0.0,0.0,0.0,0.0,0.0,0.0,0.0,0.0,0.0,0.0,0.0,0.0,0.0,0.0,0.0,0.0,0.0,0.0,0.0,0.0,0.0,-1.1355173889866172,0.0,-1.1355173889866172,-1.1355173889866172,-1.1355173889866172,0.0,0.0,0.0,0.0,0.0
DRD4,0.0,0.0,0.0,0.0,0.0,0.0,0.0,0.0,0.0,0.0,0.2418399384670237,0.0,0.2418399384670237,0.2418399384670237,0.2418399384670237,0.0,0.0,0.0,0.0,0.0,0.0,0.0,0.0,0.0,0.0,0.0,0.0,0.0,0.0,0.0,0.0,0.0,0.0,0.0,0.0,0.0,0.0,0.0,0.0,0.0,0.0,0.0,0.0,0.0,0.0,0.0,0.0,0.0,0.0,0.0,0.0,0.0,0.0,0.0,0.0,0.0,0.0,0.0,0.0,0.0,0.0,0.0,0.0,0.0,0.0,0.0,0.0,0.0,0.0,0.0,-1.1355173889866172,0.0,-1.1355173889866172,-1.1355173889866172,-1.1355173889866172,0.0,0.0,0.0,0.0,0.0
EPHA5,0.0,0.0,0.0,0.0,0.0,0.0,0.0,0.0,0.0,0.0,0.0,0.0,0.0,0.0,0.0,0.0,0.0,0.0,0.0,0.0,0.0,0.0,0.0,0.0,0.0,0.0,0.0,0.0,0.0,0.0,0.0,0.0,0.0,0.0,0.0,0.0,0.0,0.0,0.0,0.0,0.0,0.0,0.0,0.0,0.0,0.0,0.0,0.0,0.0,0.0,0.0,0.0,0.0,0.0,0.0,0.0,0.0,0.0,0.0,0.0,0.656957082371072,0.0,0.656957082371072,0.656957082371072,0.656957082371072,0.0,0.0,0.0,0.0,0.0,0.0,0.0,0.0,0.0,0.0,0.1818124611109777,0.0,0.1818124611109777,0.1818124611109777,0.1818124611109777
EPHB4,0.0,0.0,0.0,0.0,0.0,0.0,0.0,0.0,0.0,0.0,0.0,0.0,0.0,0.0,0.0,0.0,0.0,0.0,0.0,0.0,0.0,0.0,0.0,0.0,0.0,0.0,0.0,0.0,0.0,0.0,0.0,0.0,0.0,0.0,0.0,0.0,0.0,0.0,0.0,0.0,0.0,0.0,0.0,0.0,0.0,0.0,0.0,0.0,0.0,0.0,0.0,0.0,0.0,0.0,0.0,0.0,0.0,0.0,0.0,0.0,0.656957082371072,0.0,0.656957082371072,0.656957082371072,0.656957082371072,0.0,0.0,0.0,0.0,0.0,0.0,0.0,0.0,0.0,0.0,0.1818124611109777,0.0,0.1818124611109777,0.1818124611109777,0.1818124611109777
ESR1,0.0,0.0,0.0,0.0,0.0,0.0,0.0,0.0,0.0,0.0,0.0,0.0,0.0,0.0,0.0,0.0,0.0,0.0,0.0,0.0,0.0,0.0,0.0,0.0,0.0,0.0,0.0,0.0,0.0,0.0,-0.3337073330542832,0.0,-0.3337073330542832,-0.3337073330542832,-0.3337073330542832,0.0,0.0,0.0,0.0,0.0,0.0,0.0,0.0,0.0,0.0,0.0,0.0,0.0,0.0,0.0,0.0,0.0,0.0,0.0,0.0,0.0,0.0,0.0,0.0,0.0,0.0,0.0,0.0,0.0,0.0,0.0,0.0,0.0,0.0,0.0,0.0,0.0,0.0,0.0,0.0,0.0,0.0,0.0,0.0,0.0
ESRRG,0.0,0.0,0.0,0.0,0.0,0.0,0.0,0.0,0.0,0.0,0.0,0.0,0.0,0.0,0.0,0.0,0.0,0.0,0.0,0.0,0.0,0.0,0.0,0.0,0.0,0.0,0.0,0.0,0.0,0.0,-0.3322229299881893,0.0,-0.3322229299881893,-0.3322229299881893,-0.3322229299881893,-0.5816386577667121,0.0,-0.5816386577667121,-0.5816386577667121,-0.5816386577667121,0.0,0.0,0.0,0.0,0.0,0.0,0.0,0.0,0.0,0.0,0.0,0.0,0.0,0.0,0.0,0.0,0.0,0.0,0.0,0.0,0.0,0.0,0.0,0.0,0.0,0.0,0.0,0.0,0.0,0.0,0.0,0.0,0.0,0.0,0.0,0.0,0.0,0.0,0.0,0.0
FGF1,0.0,0.0,0.0,0.0,0.0,0.0,0.0,0.0,0.0,0.0,0.0,0.0,0.0,0.0,0.0,0.0,0.0,0.0,0.0,0.0,0.0,0.0,0.0,0.0,0.0,0.1808246557315165,0.0,0.1808246557315165,0.1808246557315165,0.1808246557315165,-0.1507037522029968,0.0,-0.1507037522029968,-0.1507037522029968,-0.1507037522029968,-0.6587282536891639,0.0,-0.6587282536891639,-0.6587282536891639,-0.6587282536891639,0.0,0.0,0.0,0.0,0.0,0.0,0.0,0.0,0.0,0.0,0.0,0.0,0.0,0.0,0.0,0.0,0.0,0.0,0.0,0.0,0.0,0.0,0.0,0.0,0.0,0.0,0.0,0.0,0.0,0.0,0.0,0.0,0.0,0.0,0.0,0.0,0.0,0.0,0.0,0.0
FGF19,0.0,0.0,0.0,0.0,0.0,0.0,0.0,0.0,0.0,0.0,0.0,0.0,0.0,0.0,0.0,0.0,0.0,0.0,0.0,0.0,0.0,0.0,0.0,0.0,0.0,0.1808246557315165,0.0,0.1808246557315165,0.1808246557315165,0.1808246557315165,-0.1507037522029968,0.0,-0.1507037522029968,-0.1507037522029968,-0.1507037522029968,-0.6587282536891639,0.0,-0.6587282536891639,-0.6587282536891639,-0.6587282536891639,0.0,0.0,0.0,0.0,0.0,0.0,0.0,0.0,0.0,0.0,0.0,0.0,0.0,0.0,0.0,0.0,0.0,0.0,0.0,0.0,0.0,0.0,0.0,0.0,0.0,0.0,0.0,0.0,0.0,0.0,0.0,0.0,0.0,0.0,0.0,0.0,0.0,0.0,0.0,0.0
FGF2,0.0,0.0,0.0,0.0,0.0,0.0,0.0,0.0,0.0,0.0,0.0,0.0,0.0,0.0,0.0,0.0,0.0,0.0,0.0,0.0,0.0,0.0,0.0,0.0,0.0,0.1808246557315165,0.0,0.1808246557315165,0.1808246557315165,0.1808246557315165,-0.1507037522029968,0.0,-0.1507037522029968,-0.1507037522029968,-0.1507037522029968,-0.6587282536891639,0.0,-0.6587282536891639,-0.6587282536891639,-0.6587282536891639,0.0,0.0,0.0,0.0,0.0,0.0,0.0,0.0,0.0,0.0,0.0,0.0,0.0,0.0,0.0,0.0,0.0,0.0,0.0,0.0,0.0,0.0,0.0,0.0,0.0,0.0,0.0,0.0,0.0,0.0,0.0,0.0,0.0,0.0,0.0,0.0,0.0,0.0,0.0,0.0
FGF4,0.0,0.0,0.0,0.0,0.0,0.0,0.0,0.0,0.0,0.0,0.0,0.0,0.0,0.0,0.0,0.0,0.0,0.0,0.0,0.0,0.0,0.0,0.0,0.0,0.0,0.1808246557315165,0.0,0.1808246557315165,0.1808246557315165,0.1808246557315165,-0.1507037522029968,0.0,-0.1507037522029968,-0.1507037522029968,-0.1507037522029968,-0.6587282536891639,0.0,-0.6587282536891639,-0.6587282536891639,-0.6587282536891639,0.0,0.0,0.0,0.0,0.0,0.0,0.0,0.0,0.0,0.0,0.0,0.0,0.0,0.0,0.0,0.0,0.0,0.0,0.0,0.0,0.0,0.0,0.0,0.0,0.0,0.0,0.0,0.0,0.0,0.0,0.0,0.0,0.0,0.0,0.0,0.0,0.0,0.0,0.0,0.0
FGFR1,0.0,0.0,0.0,0.0,0.0,0.0,0.0,0.0,0.0,0.0,0.0,0.0,0.0,0.0,0.0,0.0,0.0,0.0,0.0,0.0,0.0,0.0,0.0,0.0,0.0,0.1808246557315165,0.0,0.1808246557315165,0.1808246557315165,0.1808246557315165,-0.1507037522029968,0.0,-0.1507037522029968,-0.1507037522029968,-0.1507037522029968,-0.6587282536891639,0.0,-0.6587282536891639,-0.6587282536891639,-0.6587282536891639,0.0,0.0,0.0,0.0,0.0,0.0,0.0,0.0,0.0,0.0,0.0,0.0,0.0,0.0,0.0,0.0,0.0,0.0,0.0,0.0,0.0,0.0,0.0,0.0,0.0,0.0,0.0,0.0,0.0,0.0,0.0,0.0,0.0,0.0,0.0,0.0,0.0,0.0,0.0,0.0
FGFR2,0.0,0.0,0.0,0.0,0.0,0.0,0.0,0.0,0.0,0.0,0.0,0.0,0.0,0.0,0.0,0.0,0.0,0.0,0.0,0.0,0.0,0.0,0.0,0.0,0.0,0.1808246557315165,0.0,0.1808246557315165,0.1808246557315165,0.1808246557315165,-0.1507037522029968,0.0,-0.1507037522029968,-0.1507037522029968,-0.1507037522029968,-0.6587282536891639,0.0,-0.6587282536891639,-0.6587282536891639,-0.6587282536891639,0.0,0.0,0.0,0.0,0.0,0.0,0.0,0.0,0.0,0.0,0.0,0.0,0.0,0.0,0.0,0.0,0.0,0.0,0.0,0.0,0.0,0.0,0.0,0.0,0.0,0.0,0.0,0.0,0.0,0.0,0.0,0.0,0.0,0.0,0.0,0.0,0.0,0.0,0.0,0.0
FGFR4,0.0,0.0,0.0,0.0,0.0,0.0,0.0,0.0,0.0,0.0,0.0,0.0,0.0,0.0,0.0,0.0,0.0,0.0,0.0,0.0,0.0,0.0,0.0,0.0,0.0,0.1808246557315165,0.0,0.1808246557315165,0.1808246557315165,0.1808246557315165,-0.1507037522029968,0.0,-0.1507037522029968,-0.1507037522029968,-0.1507037522029968,-0.6587282536891639,0.0,-0.6587282536891639,-0.6587282536891639,-0.6587282536891639,0.0,0.0,0.0,0.0,0.0,0.0,0.0,0.0,0.0,0.0,0.0,0.0,0.0,0.0,0.0,0.0,0.0,0.0,0.0,0.0,0.0,0.0,0.0,0.0,0.0,0.0,0.0,0.0,0.0,0.0,0.0,0.0,0.0,0.0,0.0,0.0,0.0,0.0,0.0,0.0
FGR,0.0,0.0,0.0,0.0,0.0,0.0,0.0,0.0,0.0,0.0,0.0,0.0,0.0,0.0,0.0,0.0,0.0,0.0,0.0,0.0,0.0,0.0,0.0,0.0,0.0,0.0,0.0,0.0,0.0,0.0,0.0,0.0,0.0,0.0,0.0,0.0,0.0,0.0,0.0,0.0,0.0,0.0,0.0,0.0,0.0,0.0,0.0,0.0,0.0,0.0,0.0,0.0,0.0,0.0,0.0,0.0,0.0,0.0,0.0,0.0,0.656957082371072,0.0,0.656957082371072,0.656957082371072,0.656957082371072,0.0,0.0,0.0,0.0,0.0,0.0,0.0,0.0,0.0,0.0,0.1818124611109777,0.0,0.1818124611109777,0.1818124611109777,0.1818124611109777
FRK,0.0,0.0,0.0,0.0,0.0,0.0,0.0,0.0,0.0,0.0,0.0,0.0,0.0,0.0,0.0,0.0,0.0,0.0,0.0,0.0,0.0,0.0,0.0,0.0,0.0,0.0,0.0,0.0,0.0,0.0,0.0,0.0,0.0,0.0,0.0,0.0,0.0,0.0,0.0,0.0,0.0,0.0,0.0,0.0,0.0,0.0,0.0,0.0,0.0,0.0,0.0,0.0,0.0,0.0,0.0,0.0,0.0,0.0,0.0,0.0,0.656957082371072,0.0,0.656957082371072,0.656957082371072,0.656957082371072,0.0,0.0,0.0,0.0,0.0,0.0,0.0,0.0,0.0,0.0,0.1818124611109777,0.0,0.1818124611109777,0.1818124611109777,0.1818124611109777
GARS1,0.0,0.0,0.0,0.0,0.0,0.0,0.0,0.0,0.0,0.0,0.0,0.0,0.0,0.0,0.0,0.0,0.0,0.0,0.0,0.0,0.0,0.0,0.0,0.0,0.0,0.0,0.0,0.0,0.0,0.0,-0.3958866433636032,0.0,-0.3958866433636032,-0.3958866433636032,-0.3958866433636032,0.0,0.0,0.0,0.0,0.0,0.0,0.0,0.0,0.0,0.0,0.0,0.0,0.0,0.0,0.0,0.0,0.0,0.0,0.0,0.0,0.0,0.0,0.0,0.0,0.0,0.0,0.0,0.0,0.0,0.0,-0.3833793740107314,0.0,-0.3833793740107314,-0.3833793740107314,-0.3833793740107314,0.0,0.0,0.0,0.0,0.0,0.0,0.0,0.0,0.0,0.0
GLRA1,0.0,0.0,0.0,0.0,0.0,0.0,0.0,0.0,0.0,0.0,0.0,0.0,0.0,0.0,0.0,0.0,0.0,0.0,0.0,0.0,-0.0401780619153644,0.0,-0.0401780619153644,-0.0401780619153644,-0.0401780619153644,0.0,0.0,0.0,0.0,0.0,0.0,0.0,0.0,0.0,0.0,-0.5563150188446446,0.0,-0.5563150188446446,-0.5563150188446446,-0.5563150188446446,-0.6695614321233592,0.0,-0.6695614321233592,-0.6695614321233592,-0.6695614321233592,0.0,0.0,0.0,0.0,0.0,0.0,0.0,0.0,0.0,0.0,0.0,0.0,0.0,0.0,0.0,0.0,0.0,0.0,0.0,0.0,-0.3586910540490571,0.0,-0.3586910540490571,-0.3586910540490571,-0.3586910540490571,0.0,0.0,0.0,0.0,0.0,0.0,0.0,0.0,0.0,0.0
GLYATL1,0.0,0.0,0.0,0.0,0.0,0.0,0.0,0.0,0.0,0.0,0.0,0.0,0.0,0.0,0.0,0.0,0.0,0.0,0.0,0.0,0.0,0.0,0.0,0.0,0.0,0.0,0.0,0.0,0.0,0.0,-0.3958866433636032,0.0,-0.3958866433636032,-0.3958866433636032,-0.3958866433636032,0.0,0.0,0.0,0.0,0.0,0.0,0.0,0.0,0.0,0.0,0.0,0.0,0.0,0.0,0.0,0.0,0.0,0.0,0.0,0.0,0.0,0.0,0.0,0.0,0.0,0.0,0.0,0.0,0.0,0.0,-0.3833793740107314,0.0,-0.3833793740107314,-0.3833793740107314,-0.3833793740107314,0.0,0.0,0.0,0.0,0.0,0.0,0.0,0.0,0.0,0.0
GLYATL2,0.0,0.0,0.0,0.0,0.0,0.0,0.0,0.0,0.0,0.0,0.0,0.0,0.0,0.0,0.0,0.0,0.0,0.0,0.0,0.0,0.0,0.0,0.0,0.0,0.0,0.0,0.0,0.0,0.0,0.0,-0.3958866433636032,0.0,-0.3958866433636032,-0.3958866433636032,-0.3958866433636032,0.0,0.0,0.0,0.0,0.0,0.0,0.0,0.0,0.0,0.0,0.0,0.0,0.0,0.0,0.0,0.0,0.0,0.0,0.0,0.0,0.0,0.0,0.0,0.0,0.0,0.0,0.0,0.0,0.0,0.0,-0.3833793740107314,0.0,-0.3833793740107314,-0.3833793740107314,-0.3833793740107314,0.0,0.0,0.0,0.0,0.0,0.0,0.0,0.0,0.0,0.0
GP1BA,0.0,0.0,0.0,0.0,0.0,0.0,0.0,0.0,0.0,0.0,0.0,0.0,0.0,0.0,0.0,0.0,0.0,0.0,0.0,0.0,-0.2083824715407445,0.0,-0.2083824715407445,-0.2083824715407445,-0.2083824715407445,0.0,0.0,0.0,0.0,0.0,0.0,0.0,0.0,0.0,0.0,0.0,0.0,0.0,0.0,0.0,0.0,0.0,0.0,0.0,0.0,0.0,0.0,0.0,0.0,0.0,0.0,0.0,0.0,0.0,0.0,0.0,0.0,0.0,0.0,0.0,0.0,0.0,0.0,0.0,0.0,0.0,0.0,0.0,0.0,0.0,0.0,0.0,0.0,0.0,0.0,0.0,0.0,0.0,0.0,0.0
GPER1,0.0,0.0,0.0,0.0,0.0,0.0,0.0,0.0,0.0,0.0,0.0,0.0,0.0,0.0,0.0,0.0,0.0,0.0,0.0,0.0,0.0,0.0,0.0,0.0,0.0,0.0,0.0,0.0,0.0,0.0,-0.3322229299881893,0.0,-0.3322229299881893,-0.3322229299881893,-0.3322229299881893,-0.5816386577667121,0.0,-0.5816386577667121,-0.5816386577667121,-0.5816386577667121,0.0,0.0,0.0,0.0,0.0,0.0,0.0,0.0,0.0,0.0,0.0,0.0,0.0,0.0,0.0,0.0,0.0,0.0,0.0,0.0,0.0,0.0,0.0,0.0,0.0,0.0,0.0,0.0,0.0,0.0,0.0,0.0,0.0,0.0,0.0,0.0,0.0,0.0,0.0,0.0
GSTP1,0.0,0.0,0.0,0.0,0.0,0.0,0.0,0.0,0.0,0.0,0.0,0.0,0.0,0.0,0.0,0.0,0.0,0.0,0.0,0.0,-0.1960273652769775,0.0,-0.1960273652769775,-0.1960273652769775,-0.1960273652769775,0.0,0.0,0.0,0.0,0.0,0.0,0.0,0.0,0.0,0.0,-0.926819571051034,0.0,-0.926819571051034,-0.926819571051034,-0.926819571051034,-0.6120429393848799,0.0,-0.6120429393848799,-0.6120429393848799,-0.6120429393848799,0.0,0.0,0.0,0.0,0.0,-0.5779667422051951,0.0,-0.5779667422051951,-0.5779667422051951,-0.5779667422051951,0.0,0.0,0.0,0.0,0.0,0.0,0.0,0.0,0.0,0.0,-0.2122118097084371,0.0,-0.2122118097084371,-0.2122118097084371,-0.2122118097084371,-0.5461305563546084,0.0,-0.5461305563546084,-0.5461305563546084,-0.5461305563546084,0.0,0.0,0.0,0.0,0.0
HGF,0.0,0.0,0.0,0.0,0.0,0.0,0.0,0.0,0.0,0.0,0.0,0.0,0.0,0.0,0.0,0.0,0.0,0.0,0.0,0.0,0.0,0.0,0.0,0.0,0.0,0.1808246557315165,0.0,0.1808246557315165,0.1808246557315165,0.1808246557315165,-0.1507037522029968,0.0,-0.1507037522029968,-0.1507037522029968,-0.1507037522029968,-0.6587282536891639,0.0,-0.6587282536891639,-0.6587282536891639,-0.6587282536891639,0.0,0.0,0.0,0.0,0.0,0.0,0.0,0.0,0.0,0.0,0.0,0.0,0.0,0.0,0.0,0.0,0.0,0.0,0.0,0.0,0.0,0.0,0.0,0.0,0.0,0.0,0.0,0.0,0.0,0.0,0.0,0.0,0.0,0.0,0.0,0.0,0.0,0.0,0.0,0.0
HM13,0.0,0.0,0.0,0.0,0.0,0.0,0.0,0.0,0.0,0.0,0.0,0.0,0.0,0.0,0.0,0.0,0.0,0.0,0.0,0.0,0.0,0.0,0.0,0.0,0.0,0.0,0.0,0.0,0.0,0.0,0.0,0.0,0.0,0.0,0.0,0.0,0.0,0.0,0.0,0.0,0.0,0.0,0.0,0.0,0.0,0.0,0.0,0.0,0.0,0.0,0.0,0.0,0.0,0.0,0.0,0.0,0.0,0.0,0.0,0.0,0.0,0.0,0.0,0.0,0.0,0.0479445569449783,0.0,0.0479445569449783,0.0479445569449783,0.0479445569449783,0.0,0.0,0.0,0.0,0.0,0.0,0.0,0.0,0.0,0.0
HRH1,0.0,0.0,0.0,0.0,0.0,0.0,0.0,0.0,0.0,0.0,0.0,0.0,0.0,0.0,0.0,0.0,0.0,0.0,0.0,0.0,-0.2135129107515823,0.0,-0.2135129107515823,-0.2135129107515823,-0.2135129107515823,0.0,0.0,0.0,0.0,0.0,0.0,0.0,0.0,0.0,0.0,-1.3298291530646846,0.0,-1.3298291530646846,-1.3298291530646846,-1.3298291530646846,0.0,0.0,0.0,0.0,0.0,0.0,0.0,0.0,0.0,0.0,-0.516670672101481,0.08518527813899235,-0.587642391181328,-0.4222035195123546,-1.5500120163044429,0.0,0.0,0.0,0.0,0.0,0.0,0.0,0.0,0.0,0.0,-0.5917718426913918,0.0,-0.5917718426913918,-0.5917718426913918,-0.5917718426913918,-0.5974019599710729,0.0,-0.5974019599710729,-0.5974019599710729,-0.5974019599710729,0.0,0.0,0.0,0.0,0.0
HRH2,0.0,0.0,0.0,0.0,0.0,0.0,0.0,0.0,0.0,0.0,0.0226506539966209,0.0,0.0226506539966209,0.0226506539966209,0.0226506539966209,0.0,0.0,0.0,0.0,0.0,0.0,0.0,0.0,0.0,0.0,0.0,0.0,0.0,0.0,0.0,-0.4804867508112256,0.0,-0.4804867508112256,-0.4804867508112256,-0.4804867508112256,-0.5601201197567622,0.0,-0.5601201197567622,-0.5601201197567622,-0.5601201197567622,-0.4884361485179074,0.0,-0.4884361485179074,-0.4884361485179074,-0.4884361485179074,0.0,0.0,0.0,0.0,0.0,-0.7151207182049939,0.08361479679925787,-0.7742453080292844,-0.6559961283807034,-1.4302414364099878,0.0,0.0,0.0,0.0,0.0,0.0,0.0,0.0,0.0,0.0,0.0,0.0,0.0,0.0,0.0,-0.5549177615706657,0.0,-0.5549177615706657,-0.5549177615706657,-0.5549177615706657,0.0,0.0,0.0,0.0,0.0
HRH3,0.0,0.0,0.0,0.0,0.0,0.0,0.0,0.0,0.0,0.0,0.0226506539966209,0.0,0.0226506539966209,0.0226506539966209,0.0226506539966209,0.0,0.0,0.0,0.0,0.0,0.0,0.0,0.0,0.0,0.0,0.0,0.0,0.0,0.0,0.0,-0.4804867508112256,0.0,-0.4804867508112256,-0.4804867508112256,-0.4804867508112256,-0.5601201197567622,0.0,-0.5601201197567622,-0.5601201197567622,-0.5601201197567622,-0.4884361485179074,0.0,-0.4884361485179074,-0.4884361485179074,-0.4884361485179074,0.0,0.0,0.0,0.0,0.0,-0.6559961283807034,0.0,-0.6559961283807034,-0.6559961283807034,-0.6559961283807034,0.0,0.0,0.0,0.0,0.0,0.0,0.0,0.0,0.0,0.0,0.0,0.0,0.0,0.0,0.0,-0.5549177615706657,0.0,-0.5549177615706657,-0.5549177615706657,-0.5549177615706657,0.0,0.0,0.0,0.0,0.0
HRH4,0.0,0.0,0.0,0.0,0.0,0.0,0.0,0.0,0.0,0.0,0.0226506539966209,0.0,0.0226506539966209,0.0226506539966209,0.0226506539966209,0.0,0.0,0.0,0.0,0.0,0.0,0.0,0.0,0.0,0.0,0.0,0.0,0.0,0.0,0.0,-0.4804867508112256,0.0,-0.4804867508112256,-0.4804867508112256,-0.4804867508112256,-0.5601201197567622,0.0,-0.5601201197567622,-0.5601201197567622,-0.5601201197567622,-0.4884361485179074,0.0,-0.4884361485179074,-0.4884361485179074,-0.4884361485179074,0.0,0.0,0.0,0.0,0.0,-0.6559961283807034,0.0,-0.6559961283807034,-0.6559961283807034,-0.6559961283807034,0.0,0.0,0.0,0.0,0.0,0.0,0.0,0.0,0.0,0.0,0.0,0.0,0.0,0.0,0.0,-0.5549177615706657,0.0,-0.5549177615706657,-0.5549177615706657,-0.5549177615706657,0.0,0.0,0.0,0.0,0.0
HSD11B1,0.0,0.0,0.0,0.0,0.0,0.0,0.0,0.0,0.0,0.0,0.0,0.0,0.0,0.0,0.0,0.0,0.0,0.0,0.0,0.0,0.0,0.0,0.0,0.0,0.0,0.0,0.0,0.0,0.0,0.0,0.0,0.0,0.0,0.0,0.0,-0.93218411340378,0.0,-0.93218411340378,-0.93218411340378,-0.93218411340378,0.0,0.0,0.0,0.0,0.0,0.0,0.0,0.0,0.0,0.0,-0.2642539292953962,0.0,-0.2642539292953962,-0.2642539292953962,-0.2642539292953962,0.0,0.0,0.0,0.0,0.0,0.0,0.0,0.0,0.0,0.0,-0.2660121012499328,0.0,-0.2660121012499328,-0.2660121012499328,-0.2660121012499328,0.0,0.0,0.0,0.0,0.0,0.0,0.0,0.0,0.0,0.0
HSD11B2,0.0,0.0,0.0,0.0,0.0,0.0,0.0,0.0,0.0,0.0,0.0,0.0,0.0,0.0,0.0,0.0,0.0,0.0,0.0,0.0,0.0,0.0,0.0,0.0,0.0,0.0,0.0,0.0,0.0,0.0,0.0,0.0,0.0,0.0,0.0,-0.93218411340378,0.0,-0.93218411340378,-0.93218411340378,-0.93218411340378,0.0,0.0,0.0,0.0,0.0,0.0,0.0,0.0,0.0,0.0,-0.2642539292953962,0.0,-0.2642539292953962,-0.2642539292953962,-0.2642539292953962,0.0,0.0,0.0,0.0,0.0,0.0,0.0,0.0,0.0,0.0,-0.2660121012499328,0.0,-0.2660121012499328,-0.2660121012499328,-0.2660121012499328,0.0,0.0,0.0,0.0,0.0,0.0,0.0,0.0,0.0,0.0
HSD17B2,0.0,0.0,0.0,0.0,0.0,0.0,0.0,0.0,0.0,0.0,0.0,0.0,0.0,0.0,0.0,0.0,0.0,0.0,0.0,0.0,0.0,0.0,0.0,0.0,0.0,0.0,0.0,0.0,0.0,0.0,-0.3322229299881893,0.0,-0.3322229299881893,-0.3322229299881893,-0.3322229299881893,-0.5816386577667121,0.0,-0.5816386577667121,-0.5816386577667121,-0.5816386577667121,0.0,0.0,0.0,0.0,0.0,0.0,0.0,0.0,0.0,0.0,0.0,0.0,0.0,0.0,0.0,0.0,0.0,0.0,0.0,0.0,0.0,0.0,0.0,0.0,0.0,0.0,0.0,0.0,0.0,0.0,0.0,0.0,0.0,0.0,0.0,0.0,0.0,0.0,0.0,0.0
HSPA8,0.0,0.0,0.0,0.0,0.0,0.0,0.0,0.0,0.0,0.0,0.0,0.0,0.0,0.0,0.0,0.0,0.0,0.0,0.0,0.0,0.0,0.0,0.0,0.0,0.0,0.0,0.0,0.0,0.0,0.0,0.0,0.0,0.0,0.0,0.0,0.0,0.0,0.0,0.0,0.0,0.0,0.0,0.0,0.0,0.0,0.0,0.0,0.0,0.0,0.0,0.0,0.0,0.0,0.0,0.0,0.0,0.0,0.0,0.0,0.0,0.656957082371072,0.0,0.656957082371072,0.656957082371072,0.656957082371072,0.0,0.0,0.0,0.0,0.0,0.0,0.0,0.0,0.0,0.0,0.1818124611109777,0.0,0.1818124611109777,0.1818124611109777,0.1818124611109777
HTR1A,0.0,0.0,0.0,0.0,0.0,0.0,0.0,0.0,0.0,0.0,0.0,0.0,0.0,0.0,0.0,0.0,0.0,0.0,0.0,0.0,0.0,0.0,0.0,0.0,0.0,0.0,0.0,0.0,0.0,0.0,0.0,0.0,0.0,0.0,0.0,-0.8673038141375802,0.0,-0.8673038141375802,-0.8673038141375802,-0.8673038141375802,0.0,0.0,0.0,0.0,0.0,0.0,0.0,0.0,0.0,0.0,-0.4222035195123546,0.0,-0.4222035195123546,-0.4222035195123546,-0.4222035195123546,0.0,0.0,0.0,0.0,0.0,0.0,0.0,0.0,0.0,0.0,0.0,0.0,0.0,0.0,0.0,-0.40318433442568136,0.274665200098192,-0.5974019599710729,-0.2089667088802898,-0.8063686688513627,0.0,0.0,0.0,0.0,0.0
HTR2A,0.0,0.0,0.0,0.0,0.0,0.0,0.0,0.0,0.0,0.0,0.0,0.0,0.0,0.0,0.0,0.0,0.0,0.0,0.0,0.0,0.0,0.0,0.0,0.0,0.0,0.0,0.0,0.0,0.0,0.0,0.0,0.0,0.0,0.0,0.0,-0.8673038141375802,0.0,-0.8673038141375802,-0.8673038141375802,-0.8673038141375802,0.0,0.0,0.0,0.0,0.0,0.0,0.0,0.0,0.0,0.0,-0.501900294573872,0.0,-0.501900294573872,-0.501900294573872,-0.501900294573872,0.0,0.0,0.0,0.0,0.0,0.0,0.0,0.0,0.0,0.0,0.0,0.0,0.0,0.0,0.0,-0.6925868094140117,0.6839421052110293,-1.1762069099477337,-0.2089667088802898,-1.3851736188280235,0.0,0.0,0.0,0.0,0.0
HTR2B,0.0,0.0,0.0,0.0,0.0,0.0,0.0,0.0,0.0,0.0,0.0226506539966209,0.0,0.0226506539966209,0.0226506539966209,0.0226506539966209,0.0,0.0,0.0,0.0,0.0,-0.2135129107515823,0.0,-0.2135129107515823,-0.2135129107515823,-0.2135129107515823,0.0,0.0,0.0,0.0,0.0,-0.4804867508112256,0.0,-0.4804867508112256,-0.4804867508112256,-0.4804867508112256,-0.7870886798628979,0.4721196085887766,-1.3298291530646846,-0.4713167667672469,-2.3612660395886937,-0.4884361485179074,0.0,-0.4884361485179074,-0.4884361485179074,-0.4884361485179074,0.0,0.0,0.0,0.0,0.0,-0.5980811169957319,0.08190419456561901,-0.6559961283807034,-0.5401661056107603,-1.1961622339914637,0.0,0.0,0.0,0.0,0.0,0.0,0.0,0.0,0.0,0.0,-0.5917718426913918,0.0,-0.5917718426913918,-0.5917718426913918,-0.5917718426913918,-0.5549177615706657,0.0,-0.5549177615706657,-0.5549177615706657,-0.5549177615706657,0.0,0.0,0.0,0.0,0.0
HTR2C,0.0,0.0,0.0,0.0,0.0,0.0,0.0,0.0,0.0,0.0,0.0,0.0,0.0,0.0,0.0,0.0,0.0,0.0,0.0,0.0,0.0,0.0,0.0,0.0,0.0,0.0,0.0,0.0,0.0,0.0,-0.5100084981472826,0.0,-0.5100084981472826,-0.5100084981472826,-0.5100084981472826,-0.6693102904524135,0.2800051264576013,-0.8673038141375802,-0.4713167667672469,-1.338620580904827,0.0,0.0,0.0,0.0,0.0,0.0,0.0,0.0,0.0,0.0,-0.4620519070431133,0.05635413008469788,-0.501900294573872,-0.4222035195123546,-0.9241038140862265,0.0,0.0,0.0,0.0,0.0,0.0,0.0,0.0,0.0,0.0,0.0,0.0,0.0,0.0,0.0,-0.7196876468310536,0.41446644098425034,-1.1762069099477337,-0.2089667088802898,-2.8787505873242143,0.0,0.0,0.0,0.0,0.0
HTR5A,0.0,0.0,0.0,0.0,0.0,0.0,0.0,0.0,0.0,0.0,0.0226506539966209,0.0,0.0226506539966209,0.0226506539966209,0.0226506539966209,0.0,0.0,0.0,0.0,0.0,0.0,0.0,0.0,0.0,0.0,0.0,0.0,0.0,0.0,0.0,-0.4804867508112256,0.0,-0.4804867508112256,-0.4804867508112256,-0.4804867508112256,-0.5601201197567622,0.0,-0.5601201197567622,-0.5601201197567622,-0.5601201197567622,-0.4884361485179074,0.0,-0.4884361485179074,-0.4884361485179074,-0.4884361485179074,0.0,0.0,0.0,0.0,0.0,-0.6559961283807034,0.0,-0.6559961283807034,-0.6559961283807034,-0.6559961283807034,0.0,0.0,0.0,0.0,0.0,0.0,0.0,0.0,0.0,0.0,0.0,0.0,0.0,0.0,0.0,-0.5549177615706657,0.0,-0.5549177615706657,-0.5549177615706657,-0.5549177615706657,0.0,0.0,0.0,0.0,0.0
HTR6,0.0,0.0,0.0,0.0,0.0,0.0,0.0,0.0,0.0,0.0,0.0,0.0,0.0,0.0,0.0,0.0,0.0,0.0,0.0,0.0,0.0,0.0,0.0,0.0,0.0,0.0,0.0,0.0,0.0,0.0,0.0,0.0,0.0,0.0,0.0,-0.4713167667672469,0.0,-0.4713167667672469,-0.4713167667672469,-0.4713167667672469,0.0,0.0,0.0,0.0,0.0,0.0,0.0,0.0,0.0,0.0,-0.4222035195123546,0.0,-0.4222035195123546,-0.4222035195123546,-0.4222035195123546,0.0,0.0,0.0,0.0,0.0,0.0,0.0,0.0,0.0,0.0,0.0,0.0,0.0,0.0,0.0,-0.5974019599710729,0.0,-0.5974019599710729,-0.5974019599710729,-0.5974019599710729,0.0,0.0,0.0,0.0,0.0
HTR7,0.0,0.0,0.0,0.0,0.0,0.0,0.0,0.0,0.0,0.0,0.0,0.0,0.0,0.0,0.0,-0.0112463539530587,0.0,-0.0112463539530587,-0.0112463539530587,-0.0112463539530587,0.0,0.0,0.0,0.0,0.0,0.0,0.0,0.0,0.0,0.0,0.0,0.0,0.0,0.0,0.0,-0.6662557050788536,0.2756852903948863,-0.8611946433904603,-0.4713167667672469,-1.3325114101577071,-0.7306242004332617,0.0,-0.7306242004332617,-0.7306242004332617,-0.7306242004332617,0.0,0.0,0.0,0.0,0.0,-0.4014155833924171,0.03956499608248423,-0.4262534929280583,-0.3557897377368384,-1.2042467501772514,0.0,0.0,0.0,0.0,0.0,0.0,0.0,0.0,0.0,0.0,0.0,0.0,0.0,0.0,0.0,-0.6315249311534726,0.06493972510206077,-0.7064127517884486,-0.5907600817008962,-1.8945747934604178,0.0,0.0,0.0,0.0,0.0
Htr2c,0.0,0.0,0.0,0.0,0.0,0.0,0.0,0.0,0.0,0.0,-0.2845567208125228,0.0,-0.2845567208125228,-0.2845567208125228,-0.2845567208125228,-0.1566549688206926,0.0618841177293672,-0.2004136481148748,-0.1128962895265104,-0.3133099376413852,0.0,0.0,0.0,0.0,0.0,0.0,0.0,0.0,0.0,0.0,0.0,0.0,0.0,0.0,0.0,-0.7851420721668849,0.36378213696857975,-1.1360095220884947,-0.4387633123015213,-3.1405682886675397,0.0,0.0,0.0,0.0,0.0,0.0,0.0,0.0,0.0,0.0,-0.342088606912533,0.0,-0.342088606912533,-0.342088606912533,-0.342088606912533,0.0,0.0,0.0,0.0,0.0,0.0,0.0,0.0,0.0,0.0,0.0,0.0,0.0,0.0,0.0,-0.9310119363061319,0.28925777959803795,-1.1355480737708683,-0.7264757988413955,-1.8620238726122638,0.0,0.0,0.0,0.0,0.0
IL1B,0.0,0.0,0.0,0.0,0.0,0.0,0.0,0.0,0.0,0.0,0.0,0.0,0.0,0.0,0.0,0.0,0.0,0.0,0.0,0.0,-0.482013522098871,0.0,-0.482013522098871,-0.482013522098871,-0.482013522098871,0.0,0.0,0.0,0.0,0.0,0.0,0.0,0.0,0.0,0.0,0.0,0.0,0.0,0.0,0.0,0.0,0.0,0.0,0.0,0.0,0.0,0.0,0.0,0.0,0.0,0.0,0.0,0.0,0.0,0.0,0.0,0.0,0.0,0.0,0.0,0.0,0.0,0.0,0.0,0.0,0.0,0.0,0.0,0.0,0.0,0.0,0.0,0.0,0.0,0.0,0.0,0.0,0.0,0.0,0.0
KCNH1,0.0,0.0,0.0,0.0,0.0,0.0,0.0,0.0,0.0,0.0,-0.1017835461429168,0.0,-0.1017835461429168,-0.1017835461429168,-0.1017835461429168,0.0,0.0,0.0,0.0,0.0,0.0,0.0,0.0,0.0,0.0,0.0,0.0,0.0,0.0,0.0,0.0,0.0,0.0,0.0,0.0,-0.69967517097359,0.0,-0.69967517097359,-0.69967517097359,-0.69967517097359,0.0,0.0,0.0,0.0,0.0,0.0,0.0,0.0,0.0,0.0,0.0,0.0,0.0,0.0,0.0,0.0,0.0,0.0,0.0,0.0,0.0,0.0,0.0,0.0,0.0,0.0,0.0,0.0,0.0,0.0,0.0,0.0,0.0,0.0,0.0,0.0,0.0,0.0,0.0,0.0
KCNH2,0.0,0.0,0.0,0.0,0.0,0.0,0.0,0.0,0.0,0.0,-0.3244838404311405,0.0,-0.3244838404311405,-0.3244838404311405,-0.3244838404311405,0.0,0.0,0.0,0.0,0.0,0.0,0.0,0.0,0.0,0.0,0.0,0.0,0.0,0.0,0.0,-0.5100084981472826,0.0,-0.5100084981472826,-0.5100084981472826,-0.5100084981472826,-0.4555729728125453,0.0,-0.4555729728125453,-0.4555729728125453,-0.4555729728125453,0.0,0.0,0.0,0.0,0.0,0.0,0.0,0.0,0.0,0.0,-0.362377007997523,0.0,-0.362377007997523,-0.362377007997523,-0.362377007997523,0.0,0.0,0.0,0.0,0.0,0.0,0.0,0.0,0.0,0.0,0.0,0.0,0.0,0.0,0.0,-0.7727602051437596,0.17453488873952572,-0.8961750085251179,-0.6493454017624014,-1.5455204102875193,0.0,0.0,0.0,0.0,0.0
KCNJ2,0.0,0.0,0.0,0.0,0.0,0.0,0.0,0.0,0.0,0.0,0.0,0.0,0.0,0.0,0.0,-0.999252666038501,0.0,-0.999252666038501,-0.999252666038501,-0.999252666038501,0.0,0.0,0.0,0.0,0.0,0.0,0.0,0.0,0.0,0.0,0.0,0.0,0.0,0.0,0.0,0.0,0.0,0.0,0.0,0.0,0.0,0.0,0.0,0.0,0.0,0.0,0.0,0.0,0.0,0.0,0.0,0.0,0.0,0.0,0.0,0.0,0.0,0.0,0.0,0.0,0.0,0.0,0.0,0.0,0.0,0.0,0.0,0.0,0.0,0.0,0.0,0.0,0.0,0.0,0.0,0.0,0.0,0.0,0.0,0.0
KCNJ4,0.0,0.0,0.0,0.0,0.0,0.0,0.0,0.0,0.0,0.0,0.0,0.0,0.0,0.0,0.0,-0.999252666038501,0.0,-0.999252666038501,-0.999252666038501,-0.999252666038501,0.0,0.0,0.0,0.0,0.0,0.0,0.0,0.0,0.0,0.0,0.0,0.0,0.0,0.0,0.0,0.0,0.0,0.0,0.0,0.0,0.0,0.0,0.0,0.0,0.0,0.0,0.0,0.0,0.0,0.0,0.0,0.0,0.0,0.0,0.0,0.0,0.0,0.0,0.0,0.0,0.0,0.0,0.0,0.0,0.0,0.0,0.0,0.0,0.0,0.0,0.0,0.0,0.0,0.0,0.0,0.0,0.0,0.0,0.0,0.0
KCNQ3,0.0,0.0,0.0,0.0,0.0,0.0,0.0,0.0,0.0,0.0,0.0,0.0,0.0,0.0,0.0,0.0,0.0,0.0,0.0,0.0,0.0,0.0,0.0,0.0,0.0,0.0,0.0,0.0,0.0,0.0,-0.6128843625065699,0.0,-0.6128843625065699,-0.6128843625065699,-0.6128843625065699,-0.68586457362575,0.0,-0.68586457362575,-0.68586457362575,-0.68586457362575,0.0,0.0,0.0,0.0,0.0,0.0,0.0,0.0,0.0,0.0,-0.0037129000818776,0.0,-0.0037129000818776,-0.0037129000818776,-0.0037129000818776,0.0,0.0,0.0,0.0,0.0,0.0,0.0,0.0,0.0,0.0,0.0787767388431266,0.0,0.0787767388431266,0.0787767388431266,0.0787767388431266,0.0,0.0,0.0,0.0,0.0,0.0,0.0,0.0,0.0,0.0
KCNQ5,0.0,0.0,0.0,0.0,0.0,0.0,0.0,0.0,0.0,0.0,0.0,0.0,0.0,0.0,0.0,0.0,0.0,0.0,0.0,0.0,0.0,0.0,0.0,0.0,0.0,0.0,0.0,0.0,0.0,0.0,-0.6128843625065699,0.0,-0.6128843625065699,-0.6128843625065699,-0.6128843625065699,-0.68586457362575,0.0,-0.68586457362575,-0.68586457362575,-0.68586457362575,0.0,0.0,0.0,0.0,0.0,0.0,0.0,0.0,0.0,0.0,-0.0037129000818776,0.0,-0.0037129000818776,-0.0037129000818776,-0.0037129000818776,0.0,0.0,0.0,0.0,0.0,0.0,0.0,0.0,0.0,0.0,0.0787767388431266,0.0,0.0787767388431266,0.0787767388431266,0.0787767388431266,0.0,0.0,0.0,0.0,0.0,0.0,0.0,0.0,0.0,0.0
LY96,0.0,0.0,0.0,0.0,0.0,0.0,0.0,0.0,0.0,0.0,0.0,0.0,0.0,0.0,0.0,0.0,0.0,0.0,0.0,0.0,0.0,0.0,0.0,0.0,0.0,0.0,0.0,0.0,0.0,0.0,0.0,0.0,0.0,0.0,0.0,0.0192379029844644,0.0,0.0192379029844644,0.0192379029844644,0.0192379029844644,0.0,0.0,0.0,0.0,0.0,0.0,0.0,0.0,0.0,0.0,0.0,0.0,0.0,0.0,0.0,0.0,0.0,0.0,0.0,0.0,0.0,0.0,0.0,0.0,0.0,2.580384974496262,0.0,2.580384974496262,2.580384974496262,2.580384974496262,0.0,0.0,0.0,0.0,0.0,0.0,0.0,0.0,0.0,0.0
LYN,0.0,0.0,0.0,0.0,0.0,0.0,0.0,0.0,0.0,0.0,0.0,0.0,0.0,0.0,0.0,0.0,0.0,0.0,0.0,0.0,0.0,0.0,0.0,0.0,0.0,0.0,0.0,0.0,0.0,0.0,0.0,0.0,0.0,0.0,0.0,0.0,0.0,0.0,0.0,0.0,0.0,0.0,0.0,0.0,0.0,0.0,0.0,0.0,0.0,0.0,0.0,0.0,0.0,0.0,0.0,0.0,0.0,0.0,0.0,0.0,0.656957082371072,0.0,0.656957082371072,0.656957082371072,0.656957082371072,0.0,0.0,0.0,0.0,0.0,0.0,0.0,0.0,0.0,0.0,0.1818124611109777,0.0,0.1818124611109777,0.1818124611109777,0.1818124611109777
MAOA,0.0,0.0,0.0,0.0,0.0,0.0,0.0,0.0,0.0,0.0,0.0,0.0,0.0,0.0,0.0,0.0,0.0,0.0,0.0,0.0,0.0,0.0,0.0,0.0,0.0,0.0,0.0,0.0,0.0,0.0,0.0,0.0,0.0,0.0,0.0,-0.8162595651340006,0.0,-0.8162595651340006,-0.8162595651340006,-0.8162595651340006,-0.0444584813353881,0.0,-0.0444584813353881,-0.0444584813353881,-0.0444584813353881,0.0,0.0,0.0,0.0,0.0,0.0,0.0,0.0,0.0,0.0,0.0,0.0,0.0,0.0,0.0,0.0,0.0,0.0,0.0,0.0,0.0,0.0,0.0,0.0,0.0,0.0,0.0,0.0,0.0,0.0,0.0,0.0,0.0,0.0,0.0
MAOB,0.0,0.0,0.0,0.0,0.0,0.0,0.0,0.0,0.0,0.0,0.0,0.0,0.0,0.0,0.0,0.0,0.0,0.0,0.0,0.0,0.0770863596487281,0.0,0.0770863596487281,0.0770863596487281,0.0770863596487281,0.0,0.0,0.0,0.0,0.0,0.0,0.0,0.0,0.0,0.0,-1.0221840402638254,0.0,-1.0221840402638254,-1.0221840402638254,-1.0221840402638254,0.0,0.0,0.0,0.0,0.0,0.0,0.0,0.0,0.0,0.0,0.0,0.0,0.0,0.0,0.0,0.0,0.0,0.0,0.0,0.0,0.0,0.0,0.0,0.0,0.0,0.0,0.0,0.0,0.0,0.0,0.0,0.0,0.0,0.0,0.0,0.0,0.0,0.0,0.0,0.0
MAP3K20,0.0,0.0,0.0,0.0,0.0,0.0,0.0,0.0,0.0,0.0,0.0,0.0,0.0,0.0,0.0,0.0,0.0,0.0,0.0,0.0,0.0,0.0,0.0,0.0,0.0,0.0,0.0,0.0,0.0,0.0,0.0,0.0,0.0,0.0,0.0,0.0,0.0,0.0,0.0,0.0,0.0,0.0,0.0,0.0,0.0,0.0,0.0,0.0,0.0,0.0,0.0,0.0,0.0,0.0,0.0,0.0,0.0,0.0,0.0,0.0,0.656957082371072,0.0,0.656957082371072,0.656957082371072,0.656957082371072,0.0,0.0,0.0,0.0,0.0,0.0,0.0,0.0,0.0,0.0,0.1818124611109777,0.0,0.1818124611109777,0.1818124611109777,0.1818124611109777
MAPK14,0.0,0.0,0.0,0.0,0.0,0.0,0.0,0.0,0.0,0.0,0.0,0.0,0.0,0.0,0.0,0.0,0.0,0.0,0.0,0.0,0.0,0.0,0.0,0.0,0.0,0.0,0.0,0.0,0.0,0.0,0.0,0.0,0.0,0.0,0.0,0.0,0.0,0.0,0.0,0.0,0.0,0.0,0.0,0.0,0.0,0.0,0.0,0.0,0.0,0.0,0.0,0.0,0.0,0.0,0.0,0.0,0.0,0.0,0.0,0.0,0.656957082371072,0.0,0.656957082371072,0.656957082371072,0.656957082371072,0.0,0.0,0.0,0.0,0.0,0.0,0.0,0.0,0.0,0.0,0.1818124611109777,0.0,0.1818124611109777,0.1818124611109777,0.1818124611109777
MCHR1,0.0,0.0,0.0,0.0,0.0,0.0,0.0,0.0,0.0,0.0,0.0,0.0,0.0,0.0,0.0,0.0,0.0,0.0,0.0,0.0,0.0,0.0,0.0,0.0,0.0,0.0,0.0,0.0,0.0,0.0,0.0,0.0,0.0,0.0,0.0,0.0,0.0,0.0,0.0,0.0,0.0,0.0,0.0,0.0,0.0,0.0,0.0,0.0,0.0,0.0,-0.4222035195123546,0.0,-0.4222035195123546,-0.4222035195123546,-0.4222035195123546,0.0,0.0,0.0,0.0,0.0,0.0,0.0,0.0,0.0,0.0,0.0,0.0,0.0,0.0,0.0,-0.5974019599710729,0.0,-0.5974019599710729,-0.5974019599710729,-0.5974019599710729,0.0,0.0,0.0,0.0,0.0
MT-ATP6,0.0,0.0,0.0,0.0,0.0,0.0,0.0,0.0,0.0,0.0,0.0,0.0,0.0,0.0,0.0,0.0,0.0,0.0,0.0,0.0,0.0,0.0,0.0,0.0,0.0,0.0,0.0,0.0,0.0,0.0,-0.3322229299881893,0.0,-0.3322229299881893,-0.3322229299881893,-0.3322229299881893,-0.5816386577667121,0.0,-0.5816386577667121,-0.5816386577667121,-0.5816386577667121,0.0,0.0,0.0,0.0,0.0,0.0,0.0,0.0,0.0,0.0,0.0,0.0,0.0,0.0,0.0,0.0,0.0,0.0,0.0,0.0,0.0,0.0,0.0,0.0,0.0,0.0,0.0,0.0,0.0,0.0,0.0,0.0,0.0,0.0,0.0,0.0,0.0,0.0,0.0,0.0
NCOA2,0.0,0.0,0.0,0.0,0.0,0.0,0.0,0.0,0.0,0.0,0.0,0.0,0.0,0.0,0.0,0.0,0.0,0.0,0.0,0.0,0.0,0.0,0.0,0.0,0.0,0.0,0.0,0.0,0.0,0.0,-0.3322229299881893,0.0,-0.3322229299881893,-0.3322229299881893,-0.3322229299881893,-0.5816386577667121,0.0,-0.5816386577667121,-0.5816386577667121,-0.5816386577667121,0.0,0.0,0.0,0.0,0.0,0.0,0.0,0.0,0.0,0.0,0.0,0.0,0.0,0.0,0.0,0.0,0.0,0.0,0.0,0.0,0.0,0.0,0.0,0.0,0.0,0.0,0.0,0.0,0.0,0.0,0.0,0.0,0.0,0.0,0.0,0.0,0.0,0.0,0.0,0.0
NFKB1,0.0,0.0,0.0,0.0,0.0,0.0,0.0,0.0,0.0,0.0,0.0,0.0,0.0,0.0,0.0,-0.437120333469231,0.0,-0.437120333469231,-0.437120333469231,-0.437120333469231,-0.420282081983748,0.0,-0.420282081983748,-0.420282081983748,-0.420282081983748,0.0,0.0,0.0,0.0,0.0,0.0,0.0,0.0,0.0,0.0,-0.724809404776563,0.0,-0.724809404776563,-0.724809404776563,-0.724809404776563,0.0,0.0,0.0,0.0,0.0,0.0,0.0,0.0,0.0,0.0,0.0,0.0,0.0,0.0,0.0,0.0,0.0,0.0,0.0,0.0,0.0,0.0,0.0,0.0,0.0,0.0,0.0,0.0,0.0,0.0,0.0,0.0,0.0,0.0,0.0,0.0,0.0,0.0,0.0,0.0
NOMO1,0.0,0.0,0.0,0.0,0.0,0.0,0.0,0.0,0.0,0.0,0.0,0.0,0.0,0.0,0.0,0.0,0.0,0.0,0.0,0.0,0.0,0.0,0.0,0.0,0.0,0.0,0.0,0.0,0.0,0.0,0.0,0.0,0.0,0.0,0.0,0.0,0.0,0.0,0.0,0.0,0.0,0.0,0.0,0.0,0.0,0.0,0.0,0.0,0.0,0.0,0.0,0.0,0.0,0.0,0.0,0.0,0.0,0.0,0.0,0.0,0.0,0.0,0.0,0.0,0.0,0.0479445569449783,0.0,0.0479445569449783,0.0479445569449783,0.0479445569449783,0.0,0.0,0.0,0.0,0.0,0.0,0.0,0.0,0.0,0.0
NOS1,0.0,0.0,0.0,0.0,0.0,0.0,0.0,0.0,0.0,0.0,0.0,0.0,0.0,0.0,0.0,0.0,0.0,0.0,0.0,0.0,-0.482013522098871,0.0,-0.482013522098871,-0.482013522098871,-0.482013522098871,0.0,0.0,0.0,0.0,0.0,0.0,0.0,0.0,0.0,0.0,0.0,0.0,0.0,0.0,0.0,0.0,0.0,0.0,0.0,0.0,0.0,0.0,0.0,0.0,0.0,0.0,0.0,0.0,0.0,0.0,0.0,0.0,0.0,0.0,0.0,0.0,0.0,0.0,0.0,0.0,0.0,0.0,0.0,0.0,0.0,0.0,0.0,0.0,0.0,0.0,0.0,0.0,0.0,0.0,0.0
NR1I2,0.0,0.0,0.0,0.0,0.0,0.0,0.0,0.0,0.0,0.0,0.0,0.0,0.0,0.0,0.0,0.0,0.0,0.0,0.0,0.0,0.0,0.0,0.0,0.0,0.0,0.0,0.0,0.0,0.0,0.0,-0.2148060827133378,0.0,-0.2148060827133378,-0.2148060827133378,-0.2148060827133378,-0.93218411340378,0.0,-0.93218411340378,-0.93218411340378,-0.93218411340378,0.0,0.0,0.0,0.0,0.0,0.0,0.0,0.0,0.0,0.0,-0.2642539292953962,0.0,-0.2642539292953962,-0.2642539292953962,-0.2642539292953962,0.0,0.0,0.0,0.0,0.0,0.0,0.0,0.0,0.0,0.0,-0.2660121012499328,0.0,-0.2660121012499328,-0.2660121012499328,-0.2660121012499328,0.0,0.0,0.0,0.0,0.0,0.0,0.0,0.0,0.0,0.0
NR1I3,0.0,0.0,0.0,0.0,0.0,0.0,0.0,0.0,0.0,0.0,0.0,0.0,0.0,0.0,0.0,0.0,0.0,0.0,0.0,0.0,-0.0757745184419125,0.0,-0.0757745184419125,-0.0757745184419125,-0.0757745184419125,0.0,0.0,0.0,0.0,0.0,0.0,0.0,0.0,0.0,0.0,0.0,0.0,0.0,0.0,0.0,0.0,0.0,0.0,0.0,0.0,0.0,0.0,0.0,0.0,0.0,0.0,0.0,0.0,0.0,0.0,0.0,0.0,0.0,0.0,0.0,0.0,0.0,0.0,0.0,0.0,0.0,0.0,0.0,0.0,0.0,0.0,0.0,0.0,0.0,0.0,0.0,0.0,0.0,0.0,0.0
NR3C2,0.0,0.0,0.0,0.0,0.0,0.0,0.0,0.0,0.0,0.0,0.0,0.0,0.0,0.0,0.0,0.0,0.0,0.0,0.0,0.0,0.0,0.0,0.0,0.0,0.0,0.0,0.0,0.0,0.0,0.0,-0.3337073330542832,0.0,-0.3337073330542832,-0.3337073330542832,-0.3337073330542832,0.0,0.0,0.0,0.0,0.0,0.0,0.0,0.0,0.0,0.0,0.0,0.0,0.0,0.0,0.0,0.0,0.0,0.0,0.0,0.0,0.0,0.0,0.0,0.0,0.0,0.0,0.0,0.0,0.0,0.0,0.0,0.0,0.0,0.0,0.0,0.0,0.0,0.0,0.0,0.0,0.0,0.0,0.0,0.0,0.0
NR4A3,0.0,0.0,0.0,0.0,0.0,0.0,0.0,0.0,0.0,0.0,0.0,0.0,0.0,0.0,0.0,0.0,0.0,0.0,0.0,0.0,0.0,0.0,0.0,0.0,0.0,0.0,0.0,0.0,0.0,0.0,0.0,0.0,0.0,0.0,0.0,0.0,0.0,0.0,0.0,0.0,0.0,0.0,0.0,0.0,0.0,0.0,0.0,0.0,0.0,0.0,0.0,0.0,0.0,0.0,0.0,0.0,0.0,0.0,0.0,0.0,0.656957082371072,0.0,0.656957082371072,0.656957082371072,0.656957082371072,0.0,0.0,0.0,0.0,0.0,0.0,0.0,0.0,0.0,0.0,0.1818124611109777,0.0,0.1818124611109777,0.1818124611109777,0.1818124611109777
OPRD1,0.0,0.0,0.0,0.0,0.0,0.0,0.0,0.0,0.0,0.0,0.0226506539966209,0.0,0.0226506539966209,0.0226506539966209,0.0226506539966209,0.0,0.0,0.0,0.0,0.0,0.0,0.0,0.0,0.0,0.0,0.0,0.0,0.0,0.0,0.0,-0.4804867508112256,0.0,-0.4804867508112256,-0.4804867508112256,-0.4804867508112256,-0.5601201197567622,0.0,-0.5601201197567622,-0.5601201197567622,-0.5601201197567622,-0.4884361485179074,0.0,-0.4884361485179074,-0.4884361485179074,-0.4884361485179074,0.0,0.0,0.0,0.0,0.0,-0.6559961283807034,0.0,-0.6559961283807034,-0.6559961283807034,-0.6559961283807034,0.0,0.0,0.0,0.0,0.0,0.0,0.0,0.0,0.0,0.0,0.0,0.0,0.0,0.0,0.0,-0.5549177615706657,0.0,-0.5549177615706657,-0.5549177615706657,-0.5549177615706657,0.0,0.0,0.0,0.0,0.0
OPRK1,0.0,0.0,0.0,0.0,0.0,0.0,0.0,0.0,0.0,0.0,0.0226506539966209,0.0,0.0226506539966209,0.0226506539966209,0.0226506539966209,0.0,0.0,0.0,0.0,0.0,0.0,0.0,0.0,0.0,0.0,0.0,0.0,0.0,0.0,0.0,-0.4804867508112256,0.0,-0.4804867508112256,-0.4804867508112256,-0.4804867508112256,-0.5601201197567622,0.0,-0.5601201197567622,-0.5601201197567622,-0.5601201197567622,-0.4884361485179074,0.0,-0.4884361485179074,-0.4884361485179074,-0.4884361485179074,0.0,0.0,0.0,0.0,0.0,-0.6559961283807034,0.0,-0.6559961283807034,-0.6559961283807034,-0.6559961283807034,0.0,0.0,0.0,0.0,0.0,0.0,0.0,0.0,0.0,0.0,0.0,0.0,0.0,0.0,0.0,-0.5549177615706657,0.0,-0.5549177615706657,-0.5549177615706657,-0.5549177615706657,0.0,0.0,0.0,0.0,0.0
OPRL1,0.0,0.0,0.0,0.0,0.0,0.0,0.0,0.0,0.0,0.0,0.0,0.0,0.0,0.0,0.0,0.0,0.0,0.0,0.0,0.0,0.0,0.0,0.0,0.0,0.0,0.0,0.0,0.0,0.0,0.0,0.0,0.0,0.0,0.0,0.0,0.0,0.0,0.0,0.0,0.0,0.0,0.0,0.0,0.0,0.0,0.0,0.0,0.0,0.0,0.0,-0.2333058203883933,0.0,-0.2333058203883933,-0.2333058203883933,-0.2333058203883933,0.0,0.0,0.0,0.0,0.0,0.0,0.0,0.0,0.0,0.0,0.0,0.0,0.0,0.0,0.0,0.0,0.0,0.0,0.0,0.0,0.0,0.0,0.0,0.0,0.0
OPRM1,0.0,0.0,0.0,0.0,0.0,0.0,0.0,0.0,0.0,0.0,0.0226506539966209,0.0,0.0226506539966209,0.0226506539966209,0.0226506539966209,0.0,0.0,0.0,0.0,0.0,0.0,0.0,0.0,0.0,0.0,0.0,0.0,0.0,0.0,0.0,-0.4804867508112256,0.0,-0.4804867508112256,-0.4804867508112256,-0.4804867508112256,-0.5601201197567622,0.0,-0.5601201197567622,-0.5601201197567622,-0.5601201197567622,-0.4884361485179074,0.0,-0.4884361485179074,-0.4884361485179074,-0.4884361485179074,0.0,0.0,0.0,0.0,0.0,-0.6559961283807034,0.0,-0.6559961283807034,-0.6559961283807034,-0.6559961283807034,0.0,0.0,0.0,0.0,0.0,0.0,0.0,0.0,0.0,0.0,0.0,0.0,0.0,0.0,0.0,-0.5549177615706657,0.0,-0.5549177615706657,-0.5549177615706657,-0.5549177615706657,0.0,0.0,0.0,0.0,0.0
ORM1,0.0,0.0,0.0,0.0,0.0,0.0,0.0,0.0,0.0,0.0,0.2418399384670237,0.0,0.2418399384670237,0.2418399384670237,0.2418399384670237,0.0,0.0,0.0,0.0,0.0,-0.873746924972993,0.0,-0.873746924972993,-0.873746924972993,-0.873746924972993,0.0,0.0,0.0,0.0,0.0,0.0,0.0,0.0,0.0,0.0,-0.8376359906638751,0.0,-0.8376359906638751,-0.8376359906638751,-0.8376359906638751,0.0,0.0,0.0,0.0,0.0,0.0,0.0,0.0,0.0,0.0,-0.3547710362817149,0.0,-0.3547710362817149,-0.3547710362817149,-0.3547710362817149,0.0,0.0,0.0,0.0,0.0,0.0,0.0,0.0,0.0,0.0,0.0,0.0,0.0,0.0,0.0,-1.1355173889866172,0.0,-1.1355173889866172,-1.1355173889866172,-1.1355173889866172,0.0,0.0,0.0,0.0,0.0
ORM2,0.0,0.0,0.0,0.0,0.0,0.0,0.0,0.0,0.0,0.0,-0.1017835461429168,0.0,-0.1017835461429168,-0.1017835461429168,-0.1017835461429168,0.0,0.0,0.0,0.0,0.0,-0.873746924972993,0.0,-0.873746924972993,-0.873746924972993,-0.873746924972993,0.0,0.0,0.0,0.0,0.0,0.0,0.0,0.0,0.0,0.0,-0.5776240718930676,0.17260631962221712,-0.69967517097359,-0.4555729728125453,-1.1552481437861353,0.0,0.0,0.0,0.0,0.0,0.0,0.0,0.0,0.0,0.0,0.0,0.0,0.0,0.0,0.0,0.0,0.0,0.0,0.0,0.0,0.0,0.0,0.0,0.0,0.0,0.0,0.0,0.0,0.0,0.0,0.0,0.0,0.0,0.0,0.0,0.0,0.0,0.0,0.0,0.0
PARP1,0.0,0.0,0.0,0.0,0.0,0.0,0.0,0.0,0.0,0.0,0.0,0.0,0.0,0.0,0.0,0.0,0.0,0.0,0.0,0.0,0.0,0.0,0.0,0.0,0.0,0.0,0.0,0.0,0.0,0.0,0.0,0.0,0.0,0.0,0.0,0.0,0.0,0.0,0.0,0.0,0.0,0.0,0.0,0.0,0.0,0.0,0.0,0.0,0.0,0.0,0.0,0.0,0.0,0.0,0.0,0.0,0.0,0.0,0.0,0.0,0.0,0.0,0.0,0.0,0.0,0.0479445569449783,0.0,0.0479445569449783,0.0479445569449783,0.0479445569449783,0.0,0.0,0.0,0.0,0.0,0.0,0.0,0.0,0.0,0.0
PDGFRA,0.0,0.0,0.0,0.0,0.0,0.0,0.0,0.0,0.0,0.0,0.0,0.0,0.0,0.0,0.0,0.0,0.0,0.0,0.0,0.0,0.0,0.0,0.0,0.0,0.0,0.0,0.0,0.0,0.0,0.0,0.0,0.0,0.0,0.0,0.0,0.0,0.0,0.0,0.0,0.0,-0.7851376622656989,0.0,-0.7851376622656989,-0.7851376622656989,-0.7851376622656989,0.0,0.0,0.0,0.0,0.0,0.3447215513531354,0.0,0.3447215513531354,0.3447215513531354,0.3447215513531354,0.0,0.0,0.0,0.0,0.0,0.0,0.0,0.0,0.0,0.0,0.0,0.0,0.0,0.0,0.0,0.0,0.0,0.0,0.0,0.0,0.5222216338254775,0.0,0.5222216338254775,0.5222216338254775,0.5222216338254775
PDGFRB,0.0,0.0,0.0,0.0,0.0,0.0,0.0,0.0,0.0,0.0,0.0,0.0,0.0,0.0,0.0,0.0,0.0,0.0,0.0,0.0,0.0,0.0,0.0,0.0,0.0,0.0,0.0,0.0,0.0,0.0,0.0,0.0,0.0,0.0,0.0,0.0,0.0,0.0,0.0,0.0,-0.7851376622656989,0.0,-0.7851376622656989,-0.7851376622656989,-0.7851376622656989,0.0,0.0,0.0,0.0,0.0,0.3447215513531354,0.0,0.3447215513531354,0.3447215513531354,0.3447215513531354,0.0,0.0,0.0,0.0,0.0,0.0,0.0,0.0,0.0,0.0,0.0,0.0,0.0,0.0,0.0,0.0,0.0,0.0,0.0,0.0,0.5222216338254775,0.0,0.5222216338254775,0.5222216338254775,0.5222216338254775
PF4,0.0,0.0,0.0,0.0,0.0,0.0,0.0,0.0,0.0,0.0,0.0,0.0,0.0,0.0,0.0,0.0,0.0,0.0,0.0,0.0,0.0,0.0,0.0,0.0,0.0,0.1808246557315165,0.0,0.1808246557315165,0.1808246557315165,0.1808246557315165,-0.1507037522029968,0.0,-0.1507037522029968,-0.1507037522029968,-0.1507037522029968,-0.6587282536891639,0.0,-0.6587282536891639,-0.6587282536891639,-0.6587282536891639,0.0,0.0,0.0,0.0,0.0,0.0,0.0,0.0,0.0,0.0,0.0,0.0,0.0,0.0,0.0,0.0,0.0,0.0,0.0,0.0,0.0,0.0,0.0,0.0,0.0,0.0,0.0,0.0,0.0,0.0,0.0,0.0,0.0,0.0,0.0,0.0,0.0,0.0,0.0,0.0
PPARA,0.0,0.0,0.0,0.0,0.0,0.0,0.0,0.0,0.0,0.0,0.0,0.0,0.0,0.0,0.0,0.0,0.0,0.0,0.0,0.0,-0.2083824715407445,0.0,-0.2083824715407445,-0.2083824715407445,-0.2083824715407445,0.0,0.0,0.0,0.0,0.0,0.0,0.0,0.0,0.0,0.0,-1.1242436096639352,0.0,-1.1242436096639352,-1.1242436096639352,-1.1242436096639352,0.3270964798300024,0.0,0.3270964798300024,0.3270964798300024,0.3270964798300024,0.0,0.0,0.0,0.0,0.0,0.0,0.0,0.0,0.0,0.0,0.0,0.0,0.0,0.0,0.0,0.0,0.0,0.0,0.0,0.0,0.0,0.0,0.0,0.0,0.0,0.0,0.0,0.0,0.0,0.0,0.0,0.0,0.0,0.0,0.0
PPARG,0.0,0.0,0.0,0.0,0.0,0.0,0.0,0.0,0.0,0.0,0.0,0.0,0.0,0.0,0.0,0.0,0.0,0.0,0.0,0.0,0.0,0.0,0.0,0.0,0.0,0.0,0.0,0.0,0.0,0.0,0.0,0.0,0.0,0.0,0.0,-1.1242436096639352,0.0,-1.1242436096639352,-1.1242436096639352,-1.1242436096639352,0.3270964798300024,0.0,0.3270964798300024,0.3270964798300024,0.3270964798300024,0.0,0.0,0.0,0.0,0.0,0.0,0.0,0.0,0.0,0.0,0.0,0.0,0.0,0.0,0.0,0.0,0.0,0.0,0.0,0.0,0.0,0.0,0.0,0.0,0.0,0.0,0.0,0.0,0.0,0.0,0.0,0.0,0.0,0.0,0.0
PPAT,0.0,0.0,0.0,0.0,0.0,0.0,0.0,0.0,0.0,0.0,0.0,0.0,0.0,0.0,0.0,0.0,0.0,0.0,0.0,0.0,0.0,0.0,0.0,0.0,0.0,0.0,0.0,0.0,0.0,0.0,0.0,0.0,0.0,0.0,0.0,0.0,0.0,0.0,0.0,0.0,0.0,0.0,0.0,0.0,0.0,0.0,0.0,0.0,0.0,0.0,0.0,0.0,0.0,0.0,0.0,0.0,0.0,0.0,0.0,0.0,0.656957082371072,0.0,0.656957082371072,0.656957082371072,0.656957082371072,0.0,0.0,0.0,0.0,0.0,0.0,0.0,0.0,0.0,0.0,0.1818124611109777,0.0,0.1818124611109777,0.1818124611109777,0.1818124611109777
RET,0.0,0.0,0.0,0.0,0.0,0.0,0.0,0.0,0.0,0.0,0.0,0.0,0.0,0.0,0.0,0.0,0.0,0.0,0.0,0.0,0.0,0.0,0.0,0.0,0.0,0.0,0.0,0.0,0.0,0.0,0.0,0.0,0.0,0.0,0.0,0.0,0.0,0.0,0.0,0.0,-0.5173696063400754,0.0,-0.5173696063400754,-0.5173696063400754,-0.5173696063400754,0.0,0.0,0.0,0.0,0.0,0.0,0.0,0.0,0.0,0.0,-0.4941551110670765,0.0,-0.4941551110670765,-0.4941551110670765,-0.4941551110670765,0.0,0.0,0.0,0.0,0.0,0.0,0.0,0.0,0.0,0.0,0.0,0.0,0.0,0.0,0.0,-0.5086325303680272,0.0,-0.5086325303680272,-0.5086325303680272,-0.5086325303680272
RIC3,0.0,0.0,0.0,0.0,0.0,0.0,0.0,0.0,0.0,0.0,0.0,0.0,0.0,0.0,0.0,0.0,0.0,0.0,0.0,0.0,0.0,0.0,0.0,0.0,0.0,0.0,0.0,0.0,0.0,0.0,0.0,0.0,0.0,0.0,0.0,0.0,0.0,0.0,0.0,0.0,0.0,0.0,0.0,0.0,0.0,0.0,0.0,0.0,0.0,0.0,0.0,0.0,0.0,0.0,0.0,0.0,0.0,0.0,0.0,0.0,0.0,0.0,0.0,0.0,0.0,0.0479445569449783,0.0,0.0479445569449783,0.0479445569449783,0.0479445569449783,0.0,0.0,0.0,0.0,0.0,0.0,0.0,0.0,0.0,0.0
S100A7,0.0,0.0,0.0,0.0,0.0,0.0,0.0,0.0,0.0,0.0,0.0,0.0,0.0,0.0,0.0,0.0,0.0,0.0,0.0,0.0,-0.2083824715407445,0.0,-0.2083824715407445,-0.2083824715407445,-0.2083824715407445,0.0,0.0,0.0,0.0,0.0,0.0,0.0,0.0,0.0,0.0,0.0,0.0,0.0,0.0,0.0,0.0,0.0,0.0,0.0,0.0,0.0,0.0,0.0,0.0,0.0,0.0,0.0,0.0,0.0,0.0,0.0,0.0,0.0,0.0,0.0,0.0,0.0,0.0,0.0,0.0,0.0,0.0,0.0,0.0,0.0,0.0,0.0,0.0,0.0,0.0,0.0,0.0,0.0,0.0,0.0
SCN11A,0.0,0.0,0.0,0.0,0.0,0.0,0.0,0.0,0.0,0.0,0.0,0.0,0.0,0.0,0.0,0.0,0.0,0.0,0.0,0.0,0.0,0.0,0.0,0.0,0.0,0.0,0.0,0.0,0.0,0.0,0.0,0.0,0.0,0.0,0.0,0.0,0.0,0.0,0.0,0.0,0.0,0.0,0.0,0.0,0.0,0.0,0.0,0.0,0.0,0.0,0.0,0.0,0.0,0.0,0.0,0.0,0.0,0.0,0.0,0.0,0.0,0.0,0.0,0.0,0.0,-0.1987468697915204,0.0,-0.1987468697915204,-0.1987468697915204,-0.1987468697915204,0.0,0.0,0.0,0.0,0.0,0.0,0.0,0.0,0.0,0.0
SCN2A,0.0,0.0,0.0,0.0,0.0,0.0,0.0,0.0,0.0,0.0,0.0,0.0,0.0,0.0,0.0,0.0,0.0,0.0,0.0,0.0,0.0,0.0,0.0,0.0,0.0,0.0,0.0,0.0,0.0,0.0,0.0,0.0,0.0,0.0,0.0,-0.9521137418296064,0.0,-0.9521137418296064,-0.9521137418296064,-0.9521137418296064,0.0,0.0,0.0,0.0,0.0,0.0,0.0,0.0,0.0,0.0,-0.4196738470846544,0.0,-0.4196738470846544,-0.4196738470846544,-0.4196738470846544,0.0,0.0,0.0,0.0,0.0,0.0,0.0,0.0,0.0,0.0,0.0,0.0,0.0,0.0,0.0,0.0,0.0,0.0,0.0,0.0,0.0,0.0,0.0,0.0,0.0
SCN4A,0.0,0.0,0.0,0.0,0.0,0.0,0.0,0.0,0.0,0.0,0.0,0.0,0.0,0.0,0.0,0.0,0.0,0.0,0.0,0.0,-0.873746924972993,0.0,-0.873746924972993,-0.873746924972993,-0.873746924972993,0.0,0.0,0.0,0.0,0.0,0.0,0.0,0.0,0.0,0.0,0.0,0.0,0.0,0.0,0.0,0.0,0.0,0.0,0.0,0.0,0.0,0.0,0.0,0.0,0.0,0.0,0.0,0.0,0.0,0.0,0.0,0.0,0.0,0.0,0.0,0.0,0.0,0.0,0.0,0.0,0.0,0.0,0.0,0.0,0.0,0.0,0.0,0.0,0.0,0.0,0.0,0.0,0.0,0.0,0.0
SCN9A,0.0,0.0,0.0,0.0,0.0,0.0,0.0,0.0,0.0,0.0,0.0,0.0,0.0,0.0,0.0,0.0,0.0,0.0,0.0,0.0,-0.873746924972993,0.0,-0.873746924972993,-0.873746924972993,-0.873746924972993,0.0,0.0,0.0,0.0,0.0,0.0,0.0,0.0,0.0,0.0,0.0,0.0,0.0,0.0,0.0,0.0,0.0,0.0,0.0,0.0,0.0,0.0,0.0,0.0,0.0,0.0,0.0,0.0,0.0,0.0,0.0,0.0,0.0,0.0,0.0,0.0,0.0,0.0,0.0,0.0,0.0,0.0,0.0,0.0,0.0,0.0,0.0,0.0,0.0,0.0,0.0,0.0,0.0,0.0,0.0
SERPINA7,0.0,0.0,0.0,0.0,0.0,0.0,0.0,0.0,0.0,0.0,0.0,0.0,0.0,0.0,0.0,0.0,0.0,0.0,0.0,0.0,0.0,0.0,0.0,0.0,0.0,0.1808246557315165,0.0,0.1808246557315165,0.1808246557315165,0.1808246557315165,-0.1507037522029968,0.0,-0.1507037522029968,-0.1507037522029968,-0.1507037522029968,-0.6587282536891639,0.0,-0.6587282536891639,-0.6587282536891639,-0.6587282536891639,0.0,0.0,0.0,0.0,0.0,0.0,0.0,0.0,0.0,0.0,0.0,0.0,0.0,0.0,0.0,0.0,0.0,0.0,0.0,0.0,0.0,0.0,0.0,0.0,0.0,-0.0620793681923093,0.0,-0.0620793681923093,-0.0620793681923093,-0.0620793681923093,0.0,0.0,0.0,0.0,0.0,0.0,0.0,0.0,0.0,0.0
SIGMAR1,0.0,0.0,0.0,0.0,0.0,0.0,0.0,0.0,0.0,0.0,0.0,0.0,0.0,0.0,0.0,0.0,0.0,0.0,0.0,0.0,0.0,0.0,0.0,0.0,0.0,0.0,0.0,0.0,0.0,0.0,0.0,0.0,0.0,0.0,0.0,0.0,0.0,0.0,0.0,0.0,0.0,0.0,0.0,0.0,0.0,0.0,0.0,0.0,0.0,0.0,-0.35864902319468595,0.0898796306422379,-0.4222035195123546,-0.2950945268770173,-0.7172980463893719,0.0,0.0,0.0,0.0,0.0,0.0,0.0,0.0,0.0,0.0,-0.1987468697915204,0.0,-0.1987468697915204,-0.1987468697915204,-0.1987468697915204,-0.5974019599710729,0.0,-0.5974019599710729,-0.5974019599710729,-0.5974019599710729,0.0,0.0,0.0,0.0,0.0
SLC15A1,0.0,0.0,0.0,0.0,0.0,0.0,0.0,0.0,0.0,0.0,0.0,0.0,0.0,0.0,0.0,-0.8291411514213198,0.0,-0.8291411514213198,-0.8291411514213198,-0.8291411514213198,0.4786825935646952,0.0,0.4786825935646952,0.4786825935646952,0.4786825935646952,0.0,0.0,0.0,0.0,0.0,0.0,0.0,0.0,0.0,0.0,-0.31291414736489814,0.16207877117808245,-0.427521145551303,-0.1983071491784933,-0.6258282947297963,0.2210546295866837,0.0,0.2210546295866837,0.2210546295866837,0.2210546295866837,0.0,0.0,0.0,0.0,0.0,2.514772844129258,0.0,2.514772844129258,2.514772844129258,2.514772844129258,-1.340930746824771,0.0,-1.340930746824771,-1.340930746824771,-1.340930746824771,0.0,0.0,0.0,0.0,0.0,0.0,0.0,0.0,0.0,0.0,0.0,0.0,0.0,0.0,0.0,0.0,0.0,0.0,0.0,0.0
SLC18A2,0.0,0.0,0.0,0.0,0.0,0.0,0.0,0.0,0.0,0.0,0.0,0.0,0.0,0.0,0.0,0.0,0.0,0.0,0.0,0.0,0.0,0.0,0.0,0.0,0.0,0.0,0.0,0.0,0.0,0.0,0.0,0.0,0.0,0.0,0.0,0.0,0.0,0.0,0.0,0.0,0.0,0.0,0.0,0.0,0.0,0.0,0.0,0.0,0.0,0.0,-0.4222035195123546,0.0,-0.4222035195123546,-0.4222035195123546,-0.4222035195123546,0.0,0.0,0.0,0.0,0.0,0.0,0.0,0.0,0.0,0.0,0.0,0.0,0.0,0.0,0.0,-0.5974019599710729,0.0,-0.5974019599710729,-0.5974019599710729,-0.5974019599710729,0.0,0.0,0.0,0.0,0.0
SLC22A1,0.0,0.0,0.0,0.0,0.0,0.0,0.0,0.0,0.0,0.0,0.0,0.0,0.0,0.0,0.0,0.0,0.0,0.0,0.0,0.0,0.3251206454185329,0.0,0.3251206454185329,0.3251206454185329,0.3251206454185329,0.0,0.0,0.0,0.0,0.0,0.0,0.0,0.0,0.0,0.0,0.0,0.0,0.0,0.0,0.0,-0.7851376622656989,0.0,-0.7851376622656989,-0.7851376622656989,-0.7851376622656989,0.0,0.0,0.0,0.0,0.0,-0.015060185410532334,0.5088082116253257,-0.3748419221742001,0.3447215513531354,-0.030120370821064668,0.0,0.0,0.0,0.0,0.0,0.0,0.0,0.0,0.0,0.0,0.0,0.0,0.0,0.0,0.0,0.0,0.0,0.0,0.0,0.0,0.5222216338254775,0.0,0.5222216338254775,0.5222216338254775,0.5222216338254775
SLC22A2,0.0,0.0,0.0,0.0,0.0,0.0,0.0,0.0,0.0,0.0,0.0,0.0,0.0,0.0,0.0,0.0,0.0,0.0,0.0,0.0,0.3251206454185329,0.0,0.3251206454185329,0.3251206454185329,0.3251206454185329,0.0,0.0,0.0,0.0,0.0,0.0,0.0,0.0,0.0,0.0,0.0,0.0,0.0,0.0,0.0,-0.5173696063400754,0.0,-0.5173696063400754,-0.5173696063400754,-0.5173696063400754,0.0,0.0,0.0,0.0,0.0,-0.3748419221742001,0.0,-0.3748419221742001,-0.3748419221742001,-0.3748419221742001,-0.4941551110670765,0.0,-0.4941551110670765,-0.4941551110670765,-0.4941551110670765,0.0,0.0,0.0,0.0,0.0,0.0,0.0,0.0,0.0,0.0,0.0,0.0,0.0,0.0,0.0,-0.5086325303680272,0.0,-0.5086325303680272,-0.5086325303680272,-0.5086325303680272
SLC22A3,0.0,0.0,0.0,0.0,0.0,0.0,0.0,0.0,0.0,0.0,0.0,0.0,0.0,0.0,0.0,0.0,0.0,0.0,0.0,0.0,-0.4389631562289331,0.0,-0.4389631562289331,-0.4389631562289331,-0.4389631562289331,0.0,0.0,0.0,0.0,0.0,0.0,0.0,0.0,0.0,0.0,-1.360518672475873,0.0,-1.360518672475873,-1.360518672475873,-1.360518672475873,0.0,0.0,0.0,0.0,0.0,0.0,0.0,0.0,0.0,0.0,0.3197756978734567,0.0,0.3197756978734567,0.3197756978734567,0.3197756978734567,0.0,0.0,0.0,0.0,0.0,0.0,0.0,0.0,0.0,0.0,-0.212455025917599,0.0,-0.212455025917599,-0.212455025917599,-0.212455025917599,0.0,0.0,0.0,0.0,0.0,0.0,0.0,0.0,0.0,0.0
SLC22A4,0.0,0.0,0.0,0.0,0.0,0.0,0.0,0.0,0.0,0.0,0.0,0.0,0.0,0.0,0.0,0.0,0.0,0.0,0.0,0.0,0.0,0.0,0.0,0.0,0.0,0.0,0.0,0.0,0.0,0.0,-0.6085435185284602,0.0,-0.6085435185284602,-0.6085435185284602,-0.6085435185284602,0.0,0.0,0.0,0.0,0.0,0.0,0.0,0.0,0.0,0.0,0.0,0.0,0.0,0.0,0.0,-0.3581515061424927,0.0,-0.3581515061424927,-0.3581515061424927,-0.3581515061424927,0.0,0.0,0.0,0.0,0.0,0.0,0.0,0.0,0.0,0.0,-0.3956325248384811,0.0,-0.3956325248384811,-0.3956325248384811,-0.3956325248384811,0.0,0.0,0.0,0.0,0.0,0.0,0.0,0.0,0.0,0.0
SLC22A7,0.0,0.0,0.0,0.0,0.0,0.0,0.0,0.0,0.0,0.0,0.0,0.0,0.0,0.0,0.0,0.0,0.0,0.0,0.0,0.0,0.0,0.0,0.0,0.0,0.0,0.0,0.0,0.0,0.0,0.0,-0.2889791477369936,0.0632552062960481,-0.3337073330542832,-0.244250962419704,-0.5779582954739872,-0.347384224908259,0.0,-0.347384224908259,-0.347384224908259,-0.347384224908259,-0.36217364316036565,0.1533313089580842,-0.4705952514928366,-0.2537520348278947,-0.7243472863207313,0.0,0.0,0.0,0.0,0.0,0.0,0.0,0.0,0.0,0.0,0.0,0.0,0.0,0.0,0.0,0.0,0.0,0.0,0.0,0.0,0.060038981723936354,0.017104099551503698,0.0479445569449783,0.0721334065028944,0.12007796344787271,0.0,0.0,0.0,0.0,0.0,0.0,0.0,0.0,0.0,0.0
SLC22A8,0.0,0.0,0.0,0.0,0.0,0.0,0.0,0.0,0.0,0.0,0.0,0.0,0.0,0.0,0.0,0.0,0.0,0.0,0.0,0.0,0.0,0.0,0.0,0.0,0.0,0.0,0.0,0.0,0.0,0.0,0.0,0.0,0.0,0.0,0.0,-0.93218411340378,0.0,-0.93218411340378,-0.93218411340378,-0.93218411340378,0.0,0.0,0.0,0.0,0.0,0.0,0.0,0.0,0.0,0.0,-0.2642539292953962,0.0,-0.2642539292953962,-0.2642539292953962,-0.2642539292953962,0.0,0.0,0.0,0.0,0.0,0.0,0.0,0.0,0.0,0.0,-0.2660121012499328,0.0,-0.2660121012499328,-0.2660121012499328,-0.2660121012499328,0.0,0.0,0.0,0.0,0.0,0.0,0.0,0.0,0.0,0.0
SLC2A9,0.0,0.0,0.0,0.0,0.0,0.0,0.0,0.0,0.0,0.0,0.0,0.0,0.0,0.0,0.0,0.0,0.0,0.0,0.0,0.0,0.0,0.0,0.0,0.0,0.0,0.0,0.0,0.0,0.0,0.0,0.0,0.0,0.0,0.0,0.0,-1.009051765619958,0.0,-1.009051765619958,-1.009051765619958,-1.009051765619958,0.0,0.0,0.0,0.0,0.0,0.0,0.0,0.0,0.0,0.0,0.0,0.0,0.0,0.0,0.0,0.0,0.0,0.0,0.0,0.0,0.0,0.0,0.0,0.0,0.0,0.0,0.0,0.0,0.0,0.0,0.0,0.0,0.0,0.0,0.0,0.0,0.0,0.0,0.0,0.0
SLC36A1,0.0,0.0,0.0,0.0,0.0,0.0,0.0,0.0,0.0,0.0,0.0,0.0,0.0,0.0,0.0,0.0,0.0,0.0,0.0,0.0,-0.0926130265419384,0.0,-0.0926130265419384,-0.0926130265419384,-0.0926130265419384,0.0,0.0,0.0,0.0,0.0,-0.3958866433636032,0.0,-0.3958866433636032,-0.3958866433636032,-0.3958866433636032,-0.73552908469388,0.0,-0.73552908469388,-0.73552908469388,-0.73552908469388,0.0,0.0,0.0,0.0,0.0,0.0,0.0,0.0,0.0,0.0,0.0,0.0,0.0,0.0,0.0,0.0,0.0,0.0,0.0,0.0,0.0,0.0,0.0,0.0,0.0,-0.3833793740107314,0.0,-0.3833793740107314,-0.3833793740107314,-0.3833793740107314,0.0,0.0,0.0,0.0,0.0,0.0,0.0,0.0,0.0,0.0
SLC47A1,0.0,0.0,0.0,0.0,0.0,0.0,0.0,0.0,0.0,0.0,0.0,0.0,0.0,0.0,0.0,0.0,0.0,0.0,0.0,0.0,0.0,0.0,0.0,0.0,0.0,0.0,0.0,0.0,0.0,0.0,-0.6085435185284602,0.0,-0.6085435185284602,-0.6085435185284602,-0.6085435185284602,0.0,0.0,0.0,0.0,0.0,0.0,0.0,0.0,0.0,0.0,0.0,0.0,0.0,0.0,0.0,-0.3581515061424927,0.0,-0.3581515061424927,-0.3581515061424927,-0.3581515061424927,0.0,0.0,0.0,0.0,0.0,0.0,0.0,0.0,0.0,0.0,-0.3956325248384811,0.0,-0.3956325248384811,-0.3956325248384811,-0.3956325248384811,0.0,0.0,0.0,0.0,0.0,0.0,0.0,0.0,0.0,0.0
SLC6A2,0.0,0.0,0.0,0.0,0.0,0.0,0.0,0.0,0.0,0.0,0.0,0.0,0.0,0.0,0.0,0.0,0.0,0.0,0.0,0.0,0.0,0.0,0.0,0.0,0.0,0.0,0.0,0.0,0.0,0.0,0.0,0.0,0.0,0.0,0.0,-0.4713167667672469,0.0,-0.4713167667672469,-0.4713167667672469,-0.4713167667672469,0.0,0.0,0.0,0.0,0.0,0.0,0.0,0.0,0.0,0.0,0.0,0.0,0.0,0.0,0.0,0.0,0.0,0.0,0.0,0.0,0.0,0.0,0.0,0.0,0.0,0.0,0.0,0.0,0.0,0.0,0.0,0.0,0.0,0.0,0.0,0.0,0.0,0.0,0.0,0.0
SLC6A3,0.0,0.0,0.0,0.0,0.0,0.0,0.0,0.0,0.0,0.0,0.0226506539966209,0.0,0.0226506539966209,0.0226506539966209,0.0226506539966209,0.0,0.0,0.0,0.0,0.0,0.0,0.0,0.0,0.0,0.0,0.0,0.0,0.0,0.0,0.0,-0.4804867508112256,0.0,-0.4804867508112256,-0.4804867508112256,-0.4804867508112256,-0.5601201197567622,0.0,-0.5601201197567622,-0.5601201197567622,-0.5601201197567622,-0.4884361485179074,0.0,-0.4884361485179074,-0.4884361485179074,-0.4884361485179074,0.0,0.0,0.0,0.0,0.0,-0.6559961283807034,0.0,-0.6559961283807034,-0.6559961283807034,-0.6559961283807034,0.0,0.0,0.0,0.0,0.0,0.0,0.0,0.0,0.0,0.0,0.0,0.0,0.0,0.0,0.0,-0.5549177615706657,0.0,-0.5549177615706657,-0.5549177615706657,-0.5549177615706657,0.0,0.0,0.0,0.0,0.0
SLC6A4,0.0,0.0,0.0,0.0,0.0,0.0,0.0,0.0,0.0,0.0,0.0226506539966209,0.0,0.0226506539966209,0.0226506539966209,0.0226506539966209,0.0,0.0,0.0,0.0,0.0,0.0,0.0,0.0,0.0,0.0,0.0,0.0,0.0,0.0,0.0,-0.4804867508112256,0.0,-0.4804867508112256,-0.4804867508112256,-0.4804867508112256,-0.5157184432620046,0.06279345309098898,-0.5601201197567622,-0.4713167667672469,-1.0314368865240091,-0.4884361485179074,0.0,-0.4884361485179074,-0.4884361485179074,-0.4884361485179074,0.0,0.0,0.0,0.0,0.0,-0.6559961283807034,0.0,-0.6559961283807034,-0.6559961283807034,-0.6559961283807034,0.0,0.0,0.0,0.0,0.0,0.0,0.0,0.0,0.0,0.0,0.0,0.0,0.0,0.0,0.0,-0.5549177615706657,0.0,-0.5549177615706657,-0.5549177615706657,-0.5549177615706657,0.0,0.0,0.0,0.0,0.0
SLC7A5,0.0,0.0,0.0,0.0,0.0,0.0,0.0,0.0,0.0,0.0,0.0,0.0,0.0,0.0,0.0,0.0,0.0,0.0,0.0,0.0,0.0,0.0,0.0,0.0,0.0,0.0,0.0,0.0,0.0,0.0,-0.6128843625065699,0.0,-0.6128843625065699,-0.6128843625065699,-0.6128843625065699,-0.68586457362575,0.0,-0.68586457362575,-0.68586457362575,-0.68586457362575,0.0,0.0,0.0,0.0,0.0,0.0,0.0,0.0,0.0,0.0,-0.0037129000818776,0.0,-0.0037129000818776,-0.0037129000818776,-0.0037129000818776,0.0,0.0,0.0,0.0,0.0,0.0,0.0,0.0,0.0,0.0,0.0787767388431266,0.0,0.0787767388431266,0.0787767388431266,0.0787767388431266,0.0,0.0,0.0,0.0,0.0,0.0,0.0,0.0,0.0,0.0
SLC9A1,0.0,0.0,0.0,0.0,0.0,0.0,0.0,0.0,0.0,0.0,0.0,0.0,0.0,0.0,0.0,0.0,0.0,0.0,0.0,0.0,0.0,0.0,0.0,0.0,0.0,0.0,0.0,0.0,0.0,0.0,-0.6085435185284602,0.0,-0.6085435185284602,-0.6085435185284602,-0.6085435185284602,0.0,0.0,0.0,0.0,0.0,0.0,0.0,0.0,0.0,0.0,0.0,0.0,0.0,0.0,0.0,-0.3581515061424927,0.0,-0.3581515061424927,-0.3581515061424927,-0.3581515061424927,0.0,0.0,0.0,0.0,0.0,0.0,0.0,0.0,0.0,0.0,-0.3956325248384811,0.0,-0.3956325248384811,-0.3956325248384811,-0.3956325248384811,0.0,0.0,0.0,0.0,0.0,0.0,0.0,0.0,0.0,0.0
SLCO1B1,0.0,0.0,0.0,0.0,0.0,0.0,0.0,0.0,0.0,0.0,0.0,0.0,0.0,0.0,0.0,0.0,0.0,0.0,0.0,0.0,0.0,0.0,0.0,0.0,0.0,0.0,0.0,0.0,0.0,0.0,-0.0850320728298843,0.0,-0.0850320728298843,-0.0850320728298843,-0.0850320728298843,0.0,0.0,0.0,0.0,0.0,0.0,0.0,0.0,0.0,0.0,0.0,0.0,0.0,0.0,0.0,0.0,0.0,0.0,0.0,0.0,0.0,0.0,0.0,0.0,0.0,0.0,0.0,0.0,0.0,0.0,-0.4929166784717722,0.0,-0.4929166784717722,-0.4929166784717722,-0.4929166784717722,0.0,0.0,0.0,0.0,0.0,0.0,0.0,0.0,0.0,0.0
SLCO1B3,0.0,0.0,0.0,0.0,0.0,0.0,0.0,0.0,0.0,0.0,-0.3244838404311405,0.0,-0.3244838404311405,-0.3244838404311405,-0.3244838404311405,0.0,0.0,0.0,0.0,0.0,0.0,0.0,0.0,0.0,0.0,0.0,0.0,0.0,0.0,0.0,-0.3337073330542832,0.0,-0.3337073330542832,-0.3337073330542832,-0.3337073330542832,0.0,0.0,0.0,0.0,0.0,0.0,0.0,0.0,0.0,0.0,0.0,0.0,0.0,0.0,0.0,-0.362377007997523,0.0,-0.362377007997523,-0.362377007997523,-0.362377007997523,0.0,0.0,0.0,0.0,0.0,0.0,0.0,0.0,0.0,0.0,-0.4929166784717722,0.0,-0.4929166784717722,-0.4929166784717722,-0.4929166784717722,0.0,0.0,0.0,0.0,0.0,0.0,0.0,0.0,0.0,0.0
SLCO2B1,0.0,0.0,0.0,0.0,0.0,0.0,0.0,0.0,0.0,0.0,-0.3244838404311405,0.0,-0.3244838404311405,-0.3244838404311405,-0.3244838404311405,0.0,0.0,0.0,0.0,0.0,0.0,0.0,0.0,0.0,0.0,0.0,0.0,0.0,0.0,0.0,-0.2273188813147637,0.0,-0.2273188813147637,-0.2273188813147637,-0.2273188813147637,0.0,0.0,0.0,0.0,0.0,0.0,0.0,0.0,0.0,0.0,0.0,0.0,0.0,0.0,0.0,-0.362377007997523,0.0,-0.362377007997523,-0.362377007997523,-0.362377007997523,0.0,0.0,0.0,0.0,0.0,0.0,0.0,0.0,0.0,0.0,-0.4929166784717722,0.0,-0.4929166784717722,-0.4929166784717722,-0.4929166784717722,0.0,0.0,0.0,0.0,0.0,-0.209358653502111,0.0,-0.209358653502111,-0.209358653502111,-0.209358653502111
SULT1A3,0.0,0.0,0.0,0.0,0.0,0.0,0.0,0.0,0.0,0.0,0.0,0.0,0.0,0.0,0.0,0.0,0.0,0.0,0.0,0.0,0.0770863596487281,0.0,0.0770863596487281,0.0770863596487281,0.0770863596487281,0.0,0.0,0.0,0.0,0.0,0.0,0.0,0.0,0.0,0.0,-1.0221840402638254,0.0,-1.0221840402638254,-1.0221840402638254,-1.0221840402638254,0.0,0.0,0.0,0.0,0.0,0.0,0.0,0.0,0.0,0.0,0.0,0.0,0.0,0.0,0.0,0.0,0.0,0.0,0.0,0.0,0.0,0.0,0.0,0.0,0.0,0.0,0.0,0.0,0.0,0.0,0.0,0.0,0.0,0.0,0.0,0.0,0.0,0.0,0.0,0.0
TACR1,0.0,0.0,0.0,0.0,0.0,0.0,0.0,0.0,0.0,0.0,0.0,0.0,0.0,0.0,0.0,0.0,0.0,0.0,0.0,0.0,0.0,0.0,0.0,0.0,0.0,0.0,0.0,0.0,0.0,0.0,0.0,0.0,0.0,0.0,0.0,-0.9521137418296064,0.0,-0.9521137418296064,-0.9521137418296064,-0.9521137418296064,0.0,0.0,0.0,0.0,0.0,0.0,0.0,0.0,0.0,0.0,-0.4196738470846544,0.0,-0.4196738470846544,-0.4196738470846544,-0.4196738470846544,0.0,0.0,0.0,0.0,0.0,0.0,0.0,0.0,0.0,0.0,0.0,0.0,0.0,0.0,0.0,0.0,0.0,0.0,0.0,0.0,0.0,0.0,0.0,0.0,0.0
TLR4,0.0,0.0,0.0,0.0,0.0,0.0,0.0,0.0,0.0,0.0,0.0,0.0,0.0,0.0,0.0,0.0,0.0,0.0,0.0,0.0,0.0,0.0,0.0,0.0,0.0,0.0,0.0,0.0,0.0,0.0,0.0,0.0,0.0,0.0,0.0,-0.4713167667672469,0.0,-0.4713167667672469,-0.4713167667672469,-0.4713167667672469,0.0,0.0,0.0,0.0,0.0,0.0,0.0,0.0,0.0,0.0,0.0,0.0,0.0,0.0,0.0,0.0,0.0,0.0,0.0,0.0,0.0,0.0,0.0,0.0,0.0,0.0,0.0,0.0,0.0,0.0,0.0,0.0,0.0,0.0,0.0,0.0,0.0,0.0,0.0,0.0
TNFAIP6,0.0,0.0,0.0,0.0,0.0,0.0,0.0,0.0,0.0,0.0,0.0,0.0,0.0,0.0,0.0,0.0,0.0,0.0,0.0,0.0,-0.482013522098871,0.0,-0.482013522098871,-0.482013522098871,-0.482013522098871,0.0,0.0,0.0,0.0,0.0,0.0,0.0,0.0,0.0,0.0,0.0,0.0,0.0,0.0,0.0,0.0,0.0,0.0,0.0,0.0,0.0,0.0,0.0,0.0,0.0,0.0,0.0,0.0,0.0,0.0,0.0,0.0,0.0,0.0,0.0,0.0,0.0,0.0,0.0,0.0,0.0,0.0,0.0,0.0,0.0,0.0,0.0,0.0,0.0,0.0,0.0,0.0,0.0,0.0,0.0
TRPV1,0.0,0.0,0.0,0.0,0.0,0.0,0.0,0.0,0.0,0.0,0.0,0.0,0.0,0.0,0.0,0.0,0.0,0.0,0.0,0.0,0.0,0.0,0.0,0.0,0.0,0.0,0.0,0.0,0.0,0.0,0.0,0.0,0.0,0.0,0.0,-0.9521137418296064,0.0,-0.9521137418296064,-0.9521137418296064,-0.9521137418296064,0.0,0.0,0.0,0.0,0.0,0.0,0.0,0.0,0.0,0.0,-0.4196738470846544,0.0,-0.4196738470846544,-0.4196738470846544,-0.4196738470846544,0.0,0.0,0.0,0.0,0.0,0.0,0.0,0.0,0.0,0.0,0.0,0.0,0.0,0.0,0.0,0.0,0.0,0.0,0.0,0.0,0.0,0.0,0.0,0.0,0.0
TTLL3,0.0,0.0,0.0,0.0,0.0,0.0,0.0,0.0,0.0,0.0,0.0,0.0,0.0,0.0,0.0,0.0,0.0,0.0,0.0,0.0,0.0,0.0,0.0,0.0,0.0,0.0,0.0,0.0,0.0,0.0,0.0,0.0,0.0,0.0,0.0,0.0,0.0,0.0,0.0,0.0,0.0,0.0,0.0,0.0,0.0,0.0,0.0,0.0,0.0,0.0,0.0,0.0,0.0,0.0,0.0,0.0,0.0,0.0,0.0,0.0,0.0,0.0,0.0,0.0,0.0,0.0479445569449783,0.0,0.0479445569449783,0.0479445569449783,0.0479445569449783,0.0,0.0,0.0,0.0,0.0,0.0,0.0,0.0,0.0,0.0
TYK2,0.0,0.0,0.0,0.0,0.0,0.0,0.0,0.0,0.0,0.0,0.0,0.0,0.0,0.0,0.0,0.0,0.0,0.0,0.0,0.0,0.0,0.0,0.0,0.0,0.0,0.0,0.0,0.0,0.0,0.0,0.1784953886169393,0.0,0.1784953886169393,0.1784953886169393,0.1784953886169393,0.0,0.0,0.0,0.0,0.0,0.0,0.0,0.0,0.0,0.0,0.0,0.0,0.0,0.0,0.0,0.1676260285267865,0.0,0.1676260285267865,0.1676260285267865,0.1676260285267865,0.0,0.0,0.0,0.0,0.0,0.0,0.0,0.0,0.0,0.0,-1.901196468100899,0.0,-1.901196468100899,-1.901196468100899,-1.901196468100899,0.0,0.0,0.0,0.0,0.0,0.0,0.0,0.0,0.0,0.0
UGT1A1,0.0,0.0,0.0,0.0,0.0,0.0,0.0,0.0,0.0,0.0,0.0,0.0,0.0,0.0,0.0,-0.999252666038501,0.0,-0.999252666038501,-0.999252666038501,-0.999252666038501,0.0,0.0,0.0,0.0,0.0,0.0,0.0,0.0,0.0,0.0,-0.244250962419704,0.0,-0.244250962419704,-0.244250962419704,-0.244250962419704,-0.5294268407308671,0.36722840465577633,-0.9521137418296064,-0.2887825554547358,-1.5882805221926013,-0.4992164416741911,0.27273927344718873,-0.7851376622656989,-0.2419164112640377,-1.4976493250225733,0.0,0.0,0.0,0.0,0.0,-0.03747614786575948,0.5405091697431541,-0.4196738470846544,0.3447215513531354,-0.07495229573151896,0.0,0.0,0.0,0.0,0.0,0.0,0.0,0.0,0.0,0.0,0.0721334065028944,0.0,0.0721334065028944,0.0721334065028944,0.0721334065028944,0.0,0.0,0.0,0.0,0.0,0.5222216338254775,0.0,0.5222216338254775,0.5222216338254775,0.5222216338254775
UGT1A10,0.0,0.0,0.0,0.0,0.0,0.0,0.0,0.0,0.0,0.0,0.0,0.0,0.0,0.0,0.0,0.0,0.0,0.0,0.0,0.0,0.0,0.0,0.0,0.0,0.0,0.0,0.0,0.0,0.0,0.0,0.0,0.0,0.0,0.0,0.0,0.0,0.0,0.0,0.0,0.0,-0.7851376622656989,0.0,-0.7851376622656989,-0.7851376622656989,-0.7851376622656989,0.0,0.0,0.0,0.0,0.0,0.3447215513531354,0.0,0.3447215513531354,0.3447215513531354,0.3447215513531354,0.0,0.0,0.0,0.0,0.0,0.0,0.0,0.0,0.0,0.0,0.0,0.0,0.0,0.0,0.0,0.0,0.0,0.0,0.0,0.0,0.5222216338254775,0.0,0.5222216338254775,0.5222216338254775,0.5222216338254775
UGT1A4,0.0,0.0,0.0,0.0,0.0,0.0,0.0,0.0,0.0,0.0,0.0,0.0,0.0,0.0,0.0,-0.1583474782514784,0.05949054793790556,-0.2004136481148748,-0.116281308388082,-0.3166949565029568,0.0,0.0,0.0,0.0,0.0,0.0,0.0,0.0,0.0,0.0,-0.2008629138890967,0.0,-0.2008629138890967,-0.2008629138890967,-0.2008629138890967,-0.5139964884445014,0.10340464425588841,-0.631909386264736,-0.4387633123015213,-1.5419894653335042,-0.3684312022286047,0.0,-0.3684312022286047,-0.3684312022286047,-0.3684312022286047,0.0,0.0,0.0,0.0,0.0,-0.411642271988538,0.09836373646324206,-0.4811959370645429,-0.342088606912533,-0.823284543977076,0.0,0.0,0.0,0.0,0.0,0.0,0.0,0.0,0.0,0.0,0.0,0.0,0.0,0.0,0.0,-0.5972193812567452,0.18279617877197257,-0.7264757988413955,-0.467962963672095,-1.1944387625134905,0.0,0.0,0.0,0.0,0.0
UGT1A7,0.0,0.0,0.0,0.0,0.0,0.0,0.0,0.0,0.0,0.0,0.0,0.0,0.0,0.0,0.0,0.0,0.0,0.0,0.0,0.0,0.0,0.0,0.0,0.0,0.0,0.0,0.0,0.0,0.0,0.0,0.0,0.0,0.0,0.0,0.0,0.0,0.0,0.0,0.0,0.0,-0.7851376622656989,0.0,-0.7851376622656989,-0.7851376622656989,-0.7851376622656989,0.0,0.0,0.0,0.0,0.0,0.3447215513531354,0.0,0.3447215513531354,0.3447215513531354,0.3447215513531354,0.0,0.0,0.0,0.0,0.0,0.0,0.0,0.0,0.0,0.0,0.0,0.0,0.0,0.0,0.0,0.0,0.0,0.0,0.0,0.0,0.5222216338254775,0.0,0.5222216338254775,0.5222216338254775,0.5222216338254775
UGT1A8,0.0,0.0,0.0,0.0,0.0,0.0,0.0,0.0,0.0,0.0,0.0,0.0,0.0,0.0,0.0,0.0,0.0,0.0,0.0,0.0,0.0,0.0,0.0,0.0,0.0,0.0,0.0,0.0,0.0,0.0,0.0,0.0,0.0,0.0,0.0,0.0,0.0,0.0,0.0,0.0,-0.7851376622656989,0.0,-0.7851376622656989,-0.7851376622656989,-0.7851376622656989,0.0,0.0,0.0,0.0,0.0,0.3447215513531354,0.0,0.3447215513531354,0.3447215513531354,0.3447215513531354,0.0,0.0,0.0,0.0,0.0,0.0,0.0,0.0,0.0,0.0,0.0,0.0,0.0,0.0,0.0,0.0,0.0,0.0,0.0,0.0,0.5222216338254775,0.0,0.5222216338254775,0.5222216338254775,0.5222216338254775
UGT1A9,0.0,0.0,0.0,0.0,0.0,0.0,0.0,0.0,0.0,0.0,0.0,0.0,0.0,0.0,0.0,0.0,0.0,0.0,0.0,0.0,0.0,0.0,0.0,0.0,0.0,0.0,0.0,0.0,0.0,0.0,0.0,0.0,0.0,0.0,0.0,-0.8830400778091878,0.0,-0.8830400778091878,-0.8830400778091878,-0.8830400778091878,0.0,0.0,0.0,0.0,0.0,0.0,0.0,0.0,0.0,0.0,0.0,0.0,0.0,0.0,0.0,-0.9458409790480732,0.0,-0.9458409790480732,-0.9458409790480732,-0.9458409790480732,0.0,0.0,0.0,0.0,0.0,0.0,0.0,0.0,0.0,0.0,0.0,0.0,0.0,0.0,0.0,0.0,0.0,0.0,0.0,0.0
UGT2B10,0.0,0.0,0.0,0.0,0.0,0.0,0.0,0.0,0.0,0.0,0.0,0.0,0.0,0.0,0.0,-0.2004136481148748,0.0,-0.2004136481148748,-0.2004136481148748,-0.2004136481148748,0.0,0.0,0.0,0.0,0.0,0.0,0.0,0.0,0.0,0.0,0.0,0.0,0.0,0.0,0.0,-0.4550400395343841,0.023018768403762036,-0.4713167667672469,-0.4387633123015213,-0.9100800790687682,0.0,0.0,0.0,0.0,0.0,0.0,0.0,0.0,0.0,0.0,-0.342088606912533,0.0,-0.342088606912533,-0.342088606912533,-0.342088606912533,0.0,0.0,0.0,0.0,0.0,0.0,0.0,0.0,0.0,0.0,0.0,0.0,0.0,0.0,0.0,-0.7264757988413955,0.0,-0.7264757988413955,-0.7264757988413955,-0.7264757988413955,0.0,0.0,0.0,0.0,0.0
UGT2B17,0.0,0.0,0.0,0.0,0.0,0.0,0.0,0.0,0.0,0.0,0.0,0.0,0.0,0.0,0.0,0.0,0.0,0.0,0.0,0.0,0.0,0.0,0.0,0.0,0.0,0.0,0.0,0.0,0.0,0.0,0.0,0.0,0.0,0.0,0.0,-1.009051765619958,0.0,-1.009051765619958,-1.009051765619958,-1.009051765619958,0.0,0.0,0.0,0.0,0.0,0.0,0.0,0.0,0.0,0.0,0.0,0.0,0.0,0.0,0.0,0.0,0.0,0.0,0.0,0.0,0.0,0.0,0.0,0.0,0.0,0.0,0.0,0.0,0.0,0.0,0.0,0.0,0.0,0.0,0.0,0.0,0.0,0.0,0.0,0.0
UGT2B4,0.0,0.0,0.0,0.0,0.0,0.0,0.0,0.0,0.0,0.0,0.0,0.0,0.0,0.0,0.0,-0.999252666038501,0.0,-0.999252666038501,-0.999252666038501,-0.999252666038501,0.0,0.0,0.0,0.0,0.0,0.0,0.0,0.0,0.0,0.0,0.0,0.0,0.0,0.0,0.0,0.0,0.0,0.0,0.0,0.0,0.0,0.0,0.0,0.0,0.0,0.0,0.0,0.0,0.0,0.0,0.0,0.0,0.0,0.0,0.0,0.0,0.0,0.0,0.0,0.0,0.0,0.0,0.0,0.0,0.0,0.0,0.0,0.0,0.0,0.0,0.0,0.0,0.0,0.0,0.0,0.0,0.0,0.0,0.0,0.0
UGT2B7,0.0,0.0,0.0,0.0,0.0,0.0,0.0,0.0,0.0,0.0,0.0,0.0,0.0,0.0,0.0,-0.999252666038501,0.0,-0.999252666038501,-0.999252666038501,-0.999252666038501,0.0,0.0,0.0,0.0,0.0,0.0,0.0,0.0,0.0,0.0,0.0,0.0,0.0,0.0,0.0,0.0,0.0,0.0,0.0,0.0,0.0,0.0,0.0,0.0,0.0,0.0,0.0,0.0,0.0,0.0,0.0,0.0,0.0,0.0,0.0,0.0,0.0,0.0,0.0,0.0,0.0,0.0,0.0,0.0,0.0,0.0,0.0,0.0,0.0,0.0,0.0,0.0,0.0,0.0,0.0,0.0,0.0,0.0,0.0,0.0
rpsD,0.0,0.0,0.0,0.0,0.0,0.0,0.0,0.0,0.0,0.0,0.0,0.0,0.0,0.0,0.0,0.0,0.0,0.0,0.0,0.0,0.0,0.0,0.0,0.0,0.0,0.0,0.0,0.0,0.0,0.0,0.0,0.0,0.0,0.0,0.0,0.0,0.0,0.0,0.0,0.0,-0.2537520348278947,0.0,-0.2537520348278947,-0.2537520348278947,-0.2537520348278947,0.0,0.0,0.0,0.0,0.0,0.0,0.0,0.0,0.0,0.0,0.0,0.0,0.0,0.0,0.0,0.0,0.0,0.0,0.0,0.0,0.0,0.0,0.0,0.0,0.0,0.0,0.0,0.0,0.0,0.0,0.0,0.0,0.0,0.0,0.0
rpsI,0.0,0.0,0.0,0.0,0.0,0.0,0.0,0.0,0.0,0.0,0.0,0.0,0.0,0.0,0.0,0.0,0.0,0.0,0.0,0.0,0.0,0.0,0.0,0.0,0.0,0.0,0.0,0.0,0.0,0.0,0.0,0.0,0.0,0.0,0.0,0.0,0.0,0.0,0.0,0.0,-0.2537520348278947,0.0,-0.2537520348278947,-0.2537520348278947,-0.2537520348278947,0.0,0.0,0.0,0.0,0.0,0.0,0.0,0.0,0.0,0.0,0.0,0.0,0.0,0.0,0.0,0.0,0.0,0.0,0.0,0.0,0.0,0.0,0.0,0.0,0.0,0.0,0.0,0.0,0.0,0.0,0.0,0.0,0.0,0.0,0.0
tynA,0.0,0.0,0.0,0.0,0.0,0.0,0.0,0.0,0.0,0.0,0.0,0.0,0.0,0.0,0.0,0.0,0.0,0.0,0.0,0.0,0.0,0.0,0.0,0.0,0.0,0.0,0.0,0.0,0.0,0.0,0.0,0.0,0.0,0.0,0.0,-1.2871471573376765,0.0,-1.2871471573376765,-1.2871471573376765,-1.2871471573376765,0.0,0.0,0.0,0.0,0.0,0.0,0.0,0.0,0.0,0.0,0.0,0.0,0.0,0.0,0.0,0.0,0.0,0.0,0.0,0.0,0.0,0.0,0.0,0.0,0.0,0.0,0.0,0.0,0.0,0.0,0.0,0.0,0.0,0.0,0.0,0.0,0.0,0.0,0.0,0.0
